--------------------------------------------------------
-- Archivo creado  - sábado-mayo-26-2018   
--------------------------------------------------------
--------------------------------------------------------
--  DDL for Sequence SEQ_GEN_IDENTITY
--------------------------------------------------------

   CREATE SEQUENCE  "THREESOFT"."SEQ_GEN_IDENTITY"  MINVALUE 1 MAXVALUE 9999999999999999999999999999 INCREMENT BY 1 START WITH 22 CACHE 20 NOORDER  NOCYCLE ;
--------------------------------------------------------
--  DDL for Sequence SEQ_ID_ALMACEN
--------------------------------------------------------

   CREATE SEQUENCE  "THREESOFT"."SEQ_ID_ALMACEN"  MINVALUE 1 MAXVALUE 9999999999999999999999999999 INCREMENT BY 1 START WITH 46 CACHE 20 NOORDER  NOCYCLE ;
--------------------------------------------------------
--  DDL for Sequence SEQ_ID_CLIENTE
--------------------------------------------------------

   CREATE SEQUENCE  "THREESOFT"."SEQ_ID_CLIENTE"  MINVALUE 1 MAXVALUE 9999999999999999999999999999 INCREMENT BY 1 START WITH 32 CACHE 20 NOORDER  NOCYCLE ;
--------------------------------------------------------
--  DDL for Sequence SEQ_ID_PRODUCTO
--------------------------------------------------------

   CREATE SEQUENCE  "THREESOFT"."SEQ_ID_PRODUCTO"  MINVALUE 1 MAXVALUE 9999999999999999999999999999 INCREMENT BY 1 START WITH 43 CACHE 20 NOORDER  NOCYCLE ;
--------------------------------------------------------
--  DDL for Sequence SEQ_ID_PROVEEDOR
--------------------------------------------------------

   CREATE SEQUENCE  "THREESOFT"."SEQ_ID_PROVEEDOR"  MINVALUE 1 MAXVALUE 9999999999999999999999999999 INCREMENT BY 1 START WITH 55 CACHE 20 NOORDER  NOCYCLE ;
--------------------------------------------------------
--  DDL for Table MENU
--------------------------------------------------------

  CREATE TABLE "THREESOFT"."MENU" 
   (	"MENU_ID" NUMBER(11,0), 
	"PROFILE_ID" NUMBER(11,0), 
	"MENU_NAME" VARCHAR2(1000 BYTE), 
	"MENU_PADRE" NUMBER(11,0), 
	"DESTINATION_MENU" VARCHAR2(1000 BYTE)
   ) SEGMENT CREATION IMMEDIATE 
  PCTFREE 10 PCTUSED 40 INITRANS 1 MAXTRANS 255 NOCOMPRESS LOGGING
  STORAGE(INITIAL 65536 NEXT 1048576 MINEXTENTS 1 MAXEXTENTS 2147483645
  PCTINCREASE 0 FREELISTS 1 FREELIST GROUPS 1 BUFFER_POOL DEFAULT FLASH_CACHE DEFAULT CELL_FLASH_CACHE DEFAULT)
  TABLESPACE "SYSTEM" ;
--------------------------------------------------------
--  DDL for Table PROFILES
--------------------------------------------------------

  CREATE TABLE "THREESOFT"."PROFILES" 
   (	"PROFILE_ID" NUMBER(*,0), 
	"DESCRIPTION" VARCHAR2(2000 BYTE)
   ) SEGMENT CREATION IMMEDIATE 
  PCTFREE 10 PCTUSED 40 INITRANS 1 MAXTRANS 255 NOCOMPRESS LOGGING
  STORAGE(INITIAL 65536 NEXT 1048576 MINEXTENTS 1 MAXEXTENTS 2147483645
  PCTINCREASE 0 FREELISTS 1 FREELIST GROUPS 1 BUFFER_POOL DEFAULT FLASH_CACHE DEFAULT CELL_FLASH_CACHE DEFAULT)
  TABLESPACE "SYSTEM" ;
--------------------------------------------------------
--  DDL for Table SGA_ALMACEN
--------------------------------------------------------

  CREATE TABLE "THREESOFT"."SGA_ALMACEN" 
   (	"ID_ALMACEN" NUMBER, 
	"NOMBRE" VARCHAR2(50 BYTE), 
	"ID_CATEGORIA" NUMBER, 
	"DIRECCION" VARCHAR2(50 BYTE), 
	"ID_COMUNA" NUMBER, 
	"ESTADO" CHAR(1 BYTE)
   ) SEGMENT CREATION IMMEDIATE 
  PCTFREE 10 PCTUSED 40 INITRANS 1 MAXTRANS 255 NOCOMPRESS LOGGING
  STORAGE(INITIAL 65536 NEXT 1048576 MINEXTENTS 1 MAXEXTENTS 2147483645
  PCTINCREASE 0 FREELISTS 1 FREELIST GROUPS 1 BUFFER_POOL DEFAULT FLASH_CACHE DEFAULT CELL_FLASH_CACHE DEFAULT)
  TABLESPACE "SYSTEM" ;
--------------------------------------------------------
--  DDL for Table SGA_BOLETA
--------------------------------------------------------

  CREATE TABLE "THREESOFT"."SGA_BOLETA" 
   (	"ID_BOLETA" NUMBER, 
	"FECHA_BOLETA" DATE, 
	"TOTAL" NUMBER, 
	"ESTADO" CHAR(1 BYTE), 
	"ID_USUARIO" NUMBER, 
	"ID_CLIENTE" NUMBER, 
	"ID_ALMACEN" NUMBER
   ) SEGMENT CREATION IMMEDIATE 
  PCTFREE 10 PCTUSED 40 INITRANS 1 MAXTRANS 255 NOCOMPRESS LOGGING
  STORAGE(INITIAL 65536 NEXT 1048576 MINEXTENTS 1 MAXEXTENTS 2147483645
  PCTINCREASE 0 FREELISTS 1 FREELIST GROUPS 1 BUFFER_POOL DEFAULT FLASH_CACHE DEFAULT CELL_FLASH_CACHE DEFAULT)
  TABLESPACE "SYSTEM" ;
--------------------------------------------------------
--  DDL for Table SGA_CATEGORIA
--------------------------------------------------------

  CREATE TABLE "THREESOFT"."SGA_CATEGORIA" 
   (	"ID_CATEGORIA" NUMBER, 
	"DESCRIPCION" VARCHAR2(50 BYTE), 
	"ESTADO" CHAR(1 BYTE)
   ) SEGMENT CREATION IMMEDIATE 
  PCTFREE 10 PCTUSED 40 INITRANS 1 MAXTRANS 255 NOCOMPRESS LOGGING
  STORAGE(INITIAL 65536 NEXT 1048576 MINEXTENTS 1 MAXEXTENTS 2147483645
  PCTINCREASE 0 FREELISTS 1 FREELIST GROUPS 1 BUFFER_POOL DEFAULT FLASH_CACHE DEFAULT CELL_FLASH_CACHE DEFAULT)
  TABLESPACE "SYSTEM" ;
--------------------------------------------------------
--  DDL for Table SGA_CLIENTE
--------------------------------------------------------

  CREATE TABLE "THREESOFT"."SGA_CLIENTE" 
   (	"ID_CLIENTE" NUMBER, 
	"RUT" VARCHAR2(10 BYTE), 
	"NOMBRE" VARCHAR2(50 BYTE), 
	"APELLIDO" VARCHAR2(50 BYTE), 
	"TELEFONO" NUMBER, 
	"EMAIL" VARCHAR2(50 BYTE), 
	"FECHA_NACIMIENTO" DATE, 
	"DIRECCION" VARCHAR2(50 BYTE), 
	"ESTADO" CHAR(1 BYTE), 
	"ID_ALMACEN" NUMBER, 
	"ID_COMUNA" NUMBER
   ) SEGMENT CREATION IMMEDIATE 
  PCTFREE 10 PCTUSED 40 INITRANS 1 MAXTRANS 255 NOCOMPRESS LOGGING
  STORAGE(INITIAL 65536 NEXT 1048576 MINEXTENTS 1 MAXEXTENTS 2147483645
  PCTINCREASE 0 FREELISTS 1 FREELIST GROUPS 1 BUFFER_POOL DEFAULT FLASH_CACHE DEFAULT CELL_FLASH_CACHE DEFAULT)
  TABLESPACE "SYSTEM" ;
--------------------------------------------------------
--  DDL for Table SGA_COMUNA
--------------------------------------------------------

  CREATE TABLE "THREESOFT"."SGA_COMUNA" 
   (	"ID_COMUNA" NUMBER, 
	"COMUNA" VARCHAR2(50 BYTE), 
	"ESTADO" CHAR(1 BYTE)
   ) SEGMENT CREATION IMMEDIATE 
  PCTFREE 10 PCTUSED 40 INITRANS 1 MAXTRANS 255 NOCOMPRESS LOGGING
  STORAGE(INITIAL 65536 NEXT 1048576 MINEXTENTS 1 MAXEXTENTS 2147483645
  PCTINCREASE 0 FREELISTS 1 FREELIST GROUPS 1 BUFFER_POOL DEFAULT FLASH_CACHE DEFAULT CELL_FLASH_CACHE DEFAULT)
  TABLESPACE "SYSTEM" ;
--------------------------------------------------------
--  DDL for Table SGA_DETALLE_BOLETA
--------------------------------------------------------

  CREATE TABLE "THREESOFT"."SGA_DETALLE_BOLETA" 
   (	"ID_DETALLE_BOLETA" NUMBER, 
	"ID_BOLETA" NUMBER, 
	"COD_BARRA" VARCHAR2(100 BYTE), 
	"PRECIO_VENTA" NUMBER
   ) SEGMENT CREATION IMMEDIATE 
  PCTFREE 10 PCTUSED 40 INITRANS 1 MAXTRANS 255 NOCOMPRESS LOGGING
  STORAGE(INITIAL 65536 NEXT 1048576 MINEXTENTS 1 MAXEXTENTS 2147483645
  PCTINCREASE 0 FREELISTS 1 FREELIST GROUPS 1 BUFFER_POOL DEFAULT FLASH_CACHE DEFAULT CELL_FLASH_CACHE DEFAULT)
  TABLESPACE "SYSTEM" ;
--------------------------------------------------------
--  DDL for Table SGA_DETALLE_ORDEN_COMPRA
--------------------------------------------------------

  CREATE TABLE "THREESOFT"."SGA_DETALLE_ORDEN_COMPRA" 
   (	"ID_DETALLE_ORDEN_COMPRA" NUMBER, 
	"ID_ORDEN_COMPRA" NUMBER, 
	"ID_PRODUCTO" NUMBER, 
	"CANTIDAD" NUMBER, 
	"PRECIO_COMPRA" NUMBER
   ) SEGMENT CREATION IMMEDIATE 
  PCTFREE 10 PCTUSED 40 INITRANS 1 MAXTRANS 255 NOCOMPRESS LOGGING
  STORAGE(INITIAL 65536 NEXT 1048576 MINEXTENTS 1 MAXEXTENTS 2147483645
  PCTINCREASE 0 FREELISTS 1 FREELIST GROUPS 1 BUFFER_POOL DEFAULT FLASH_CACHE DEFAULT CELL_FLASH_CACHE DEFAULT)
  TABLESPACE "SYSTEM" ;
--------------------------------------------------------
--  DDL for Table SGA_DETALLE_PRODUCTO
--------------------------------------------------------

  CREATE TABLE "THREESOFT"."SGA_DETALLE_PRODUCTO" 
   (	"COD_BARRA" VARCHAR2(100 BYTE), 
	"ID_PRODUCTO" NUMBER, 
	"FECHA_CADUCIDAD" DATE, 
	"ESTADO" CHAR(1 BYTE)
   ) SEGMENT CREATION IMMEDIATE 
  PCTFREE 10 PCTUSED 40 INITRANS 1 MAXTRANS 255 NOCOMPRESS LOGGING
  STORAGE(INITIAL 65536 NEXT 1048576 MINEXTENTS 1 MAXEXTENTS 2147483645
  PCTINCREASE 0 FREELISTS 1 FREELIST GROUPS 1 BUFFER_POOL DEFAULT FLASH_CACHE DEFAULT CELL_FLASH_CACHE DEFAULT)
  TABLESPACE "SYSTEM" ;
--------------------------------------------------------
--  DDL for Table SGA_MARCA
--------------------------------------------------------

  CREATE TABLE "THREESOFT"."SGA_MARCA" 
   (	"ID_MARCA" NUMBER, 
	"MARCA" VARCHAR2(50 BYTE), 
	"ESTADO" CHAR(1 BYTE), 
	"ID_CATEGORIA" NUMBER, 
	"ID_PROVEEDOR" NUMBER
   ) SEGMENT CREATION IMMEDIATE 
  PCTFREE 10 PCTUSED 40 INITRANS 1 MAXTRANS 255 NOCOMPRESS LOGGING
  STORAGE(INITIAL 65536 NEXT 1048576 MINEXTENTS 1 MAXEXTENTS 2147483645
  PCTINCREASE 0 FREELISTS 1 FREELIST GROUPS 1 BUFFER_POOL DEFAULT FLASH_CACHE DEFAULT CELL_FLASH_CACHE DEFAULT)
  TABLESPACE "SYSTEM" ;
--------------------------------------------------------
--  DDL for Table SGA_MENU
--------------------------------------------------------

  CREATE TABLE "THREESOFT"."SGA_MENU" 
   (	"ID_MENU" NUMBER(11,0), 
	"ID_PERFIL" NUMBER(11,0), 
	"DESCRIPCION" VARCHAR2(1000 BYTE), 
	"PADRE_MENU" NUMBER(11,0), 
	"DESTINO" VARCHAR2(1000 BYTE), 
	"ESTADO" CHAR(1 BYTE)
   ) SEGMENT CREATION IMMEDIATE 
  PCTFREE 10 PCTUSED 40 INITRANS 1 MAXTRANS 255 NOCOMPRESS LOGGING
  STORAGE(INITIAL 65536 NEXT 1048576 MINEXTENTS 1 MAXEXTENTS 2147483645
  PCTINCREASE 0 FREELISTS 1 FREELIST GROUPS 1 BUFFER_POOL DEFAULT FLASH_CACHE DEFAULT CELL_FLASH_CACHE DEFAULT)
  TABLESPACE "SYSTEM" ;
--------------------------------------------------------
--  DDL for Table SGA_ORDEN_COMPRA
--------------------------------------------------------

  CREATE TABLE "THREESOFT"."SGA_ORDEN_COMPRA" 
   (	"ID_ORDEN_COMPRA" NUMBER, 
	"FECHA_ORDEN_COMPRA" DATE, 
	"FECHA_RECEPCION" DATE, 
	"TOTAL" NUMBER, 
	"ESTADO" CHAR(1 BYTE), 
	"ID_USUARIO" NUMBER, 
	"ID_PROVEEDOR" NUMBER, 
	"ID_ALMACEN" NUMBER
   ) SEGMENT CREATION IMMEDIATE 
  PCTFREE 10 PCTUSED 40 INITRANS 1 MAXTRANS 255 NOCOMPRESS LOGGING
  STORAGE(INITIAL 65536 NEXT 1048576 MINEXTENTS 1 MAXEXTENTS 2147483645
  PCTINCREASE 0 FREELISTS 1 FREELIST GROUPS 1 BUFFER_POOL DEFAULT FLASH_CACHE DEFAULT CELL_FLASH_CACHE DEFAULT)
  TABLESPACE "SYSTEM" ;
--------------------------------------------------------
--  DDL for Table SGA_PERFIL
--------------------------------------------------------

  CREATE TABLE "THREESOFT"."SGA_PERFIL" 
   (	"ID_PERFIL" NUMBER, 
	"DESCRIPCION" VARCHAR2(50 BYTE), 
	"ESTADO" CHAR(1 BYTE)
   ) SEGMENT CREATION IMMEDIATE 
  PCTFREE 10 PCTUSED 40 INITRANS 1 MAXTRANS 255 NOCOMPRESS LOGGING
  STORAGE(INITIAL 65536 NEXT 1048576 MINEXTENTS 1 MAXEXTENTS 2147483645
  PCTINCREASE 0 FREELISTS 1 FREELIST GROUPS 1 BUFFER_POOL DEFAULT FLASH_CACHE DEFAULT CELL_FLASH_CACHE DEFAULT)
  TABLESPACE "SYSTEM" ;
--------------------------------------------------------
--  DDL for Table SGA_PRODUCTO
--------------------------------------------------------

  CREATE TABLE "THREESOFT"."SGA_PRODUCTO" 
   (	"ID_PRODUCTO" NUMBER, 
	"NOMBRE" VARCHAR2(50 BYTE), 
	"PRECIO_COMPRA" NUMBER, 
	"PRECIO_VENTA" NUMBER, 
	"STOCK" NUMBER, 
	"ESTADO" CHAR(1 BYTE), 
	"ID_MARCA" NUMBER
   ) SEGMENT CREATION IMMEDIATE 
  PCTFREE 10 PCTUSED 40 INITRANS 1 MAXTRANS 255 NOCOMPRESS LOGGING
  STORAGE(INITIAL 65536 NEXT 1048576 MINEXTENTS 1 MAXEXTENTS 2147483645
  PCTINCREASE 0 FREELISTS 1 FREELIST GROUPS 1 BUFFER_POOL DEFAULT FLASH_CACHE DEFAULT CELL_FLASH_CACHE DEFAULT)
  TABLESPACE "SYSTEM" ;
--------------------------------------------------------
--  DDL for Table SGA_PROVEEDOR
--------------------------------------------------------

  CREATE TABLE "THREESOFT"."SGA_PROVEEDOR" 
   (	"ID_PROVEEDOR" NUMBER, 
	"NOMBRE" VARCHAR2(50 BYTE), 
	"RUT" VARCHAR2(10 BYTE), 
	"FONO" NUMBER, 
	"EMAIL" VARCHAR2(50 BYTE), 
	"DIRECCION" VARCHAR2(50 BYTE), 
	"ESTADO" CHAR(1 BYTE), 
	"ID_COMUNA" NUMBER, 
	"ID_ALMACEN" NUMBER
   ) SEGMENT CREATION IMMEDIATE 
  PCTFREE 10 PCTUSED 40 INITRANS 1 MAXTRANS 255 NOCOMPRESS LOGGING
  STORAGE(INITIAL 65536 NEXT 1048576 MINEXTENTS 1 MAXEXTENTS 2147483645
  PCTINCREASE 0 FREELISTS 1 FREELIST GROUPS 1 BUFFER_POOL DEFAULT FLASH_CACHE DEFAULT CELL_FLASH_CACHE DEFAULT)
  TABLESPACE "SYSTEM" ;
--------------------------------------------------------
--  DDL for Table SGA_USUARIO
--------------------------------------------------------

  CREATE TABLE "THREESOFT"."SGA_USUARIO" 
   (	"ID_USUARIO" NUMBER, 
	"USUARIO" VARCHAR2(50 BYTE), 
	"PASS" VARCHAR2(1000 BYTE), 
	"EMAIL" VARCHAR2(50 BYTE), 
	"ESTADO" CHAR(1 BYTE), 
	"ID_PERFIL" NUMBER, 
	"ID_ALMACEN" NUMBER
   ) SEGMENT CREATION IMMEDIATE 
  PCTFREE 10 PCTUSED 40 INITRANS 1 MAXTRANS 255 NOCOMPRESS LOGGING
  STORAGE(INITIAL 65536 NEXT 1048576 MINEXTENTS 1 MAXEXTENTS 2147483645
  PCTINCREASE 0 FREELISTS 1 FREELIST GROUPS 1 BUFFER_POOL DEFAULT FLASH_CACHE DEFAULT CELL_FLASH_CACHE DEFAULT)
  TABLESPACE "SYSTEM" ;
--------------------------------------------------------
--  DDL for Table USERS
--------------------------------------------------------

  CREATE TABLE "THREESOFT"."USERS" 
   (	"USER_ID" NUMBER(*,0), 
	"USERNAME" VARCHAR2(2000 BYTE), 
	"PASSWORD" VARCHAR2(2000 BYTE), 
	"PROFILE_ID" NUMBER(*,0), 
	"WAREHOUSE_ID" NUMBER(11,0)
   ) SEGMENT CREATION IMMEDIATE 
  PCTFREE 10 PCTUSED 40 INITRANS 1 MAXTRANS 255 NOCOMPRESS LOGGING
  STORAGE(INITIAL 65536 NEXT 1048576 MINEXTENTS 1 MAXEXTENTS 2147483645
  PCTINCREASE 0 FREELISTS 1 FREELIST GROUPS 1 BUFFER_POOL DEFAULT FLASH_CACHE DEFAULT CELL_FLASH_CACHE DEFAULT)
  TABLESPACE "SYSTEM" ;
--------------------------------------------------------
--  DDL for Table WAREHOUSE
--------------------------------------------------------

  CREATE TABLE "THREESOFT"."WAREHOUSE" 
   (	"WAREHOUSE_ID" NUMBER(11,0), 
	"WAREHOUSE" VARCHAR2(1000 BYTE), 
	"DISABLE" DATE
   ) SEGMENT CREATION IMMEDIATE 
  PCTFREE 10 PCTUSED 40 INITRANS 1 MAXTRANS 255 NOCOMPRESS LOGGING
  STORAGE(INITIAL 65536 NEXT 1048576 MINEXTENTS 1 MAXEXTENTS 2147483645
  PCTINCREASE 0 FREELISTS 1 FREELIST GROUPS 1 BUFFER_POOL DEFAULT FLASH_CACHE DEFAULT CELL_FLASH_CACHE DEFAULT)
  TABLESPACE "SYSTEM" ;
REM INSERTING into THREESOFT.MENU
SET DEFINE OFF;
Insert into THREESOFT.MENU (MENU_ID,PROFILE_ID,MENU_NAME,MENU_PADRE,DESTINATION_MENU) values ('1','1','Mantenedor Almacen','0','MantenedorAlmacen.jsp');
Insert into THREESOFT.MENU (MENU_ID,PROFILE_ID,MENU_NAME,MENU_PADRE,DESTINATION_MENU) values ('2','1','Listar Almacenes','0','ListadoAlmacen.jsp');
Insert into THREESOFT.MENU (MENU_ID,PROFILE_ID,MENU_NAME,MENU_PADRE,DESTINATION_MENU) values ('3','1','Editar Almacen','0','EditarAlmacen.jsp');
REM INSERTING into THREESOFT.PROFILES
SET DEFINE OFF;
Insert into THREESOFT.PROFILES (PROFILE_ID,DESCRIPTION) values ('1','asdas');
Insert into THREESOFT.PROFILES (PROFILE_ID,DESCRIPTION) values ('2','trhbgfd123');
REM INSERTING into THREESOFT.SGA_ALMACEN
SET DEFINE OFF;
Insert into THREESOFT.SGA_ALMACEN (ID_ALMACEN,NOMBRE,ID_CATEGORIA,DIRECCION,ID_COMUNA,ESTADO) values ('1','YUYITOS','1','Las flores 1212','11','1');
Insert into THREESOFT.SGA_ALMACEN (ID_ALMACEN,NOMBRE,ID_CATEGORIA,DIRECCION,ID_COMUNA,ESTADO) values ('2','ZAPALLITOS','2','Arturo Prat 134','20','1');
Insert into THREESOFT.SGA_ALMACEN (ID_ALMACEN,NOMBRE,ID_CATEGORIA,DIRECCION,ID_COMUNA,ESTADO) values ('3','PATITAS','3','Los leones 1612','2','1');
Insert into THREESOFT.SGA_ALMACEN (ID_ALMACEN,NOMBRE,ID_CATEGORIA,DIRECCION,ID_COMUNA,ESTADO) values ('4','TRAPOS','4','el bosque 123','5','1');
Insert into THREESOFT.SGA_ALMACEN (ID_ALMACEN,NOMBRE,ID_CATEGORIA,DIRECCION,ID_COMUNA,ESTADO) values ('5','FITSTORE','5','lota 2546','8','1');
Insert into THREESOFT.SGA_ALMACEN (ID_ALMACEN,NOMBRE,ID_CATEGORIA,DIRECCION,ID_COMUNA,ESTADO) values ('6','YUYITOS','1','Las flores 1212','11','1');
Insert into THREESOFT.SGA_ALMACEN (ID_ALMACEN,NOMBRE,ID_CATEGORIA,DIRECCION,ID_COMUNA,ESTADO) values ('7','ZAPALLITOS','2','Arturo Prat 134','20','1');
Insert into THREESOFT.SGA_ALMACEN (ID_ALMACEN,NOMBRE,ID_CATEGORIA,DIRECCION,ID_COMUNA,ESTADO) values ('8','PATITAS','3','Los leones 1612','2','1');
Insert into THREESOFT.SGA_ALMACEN (ID_ALMACEN,NOMBRE,ID_CATEGORIA,DIRECCION,ID_COMUNA,ESTADO) values ('9','TRAPOS','4','el bosque 123','5','1');
Insert into THREESOFT.SGA_ALMACEN (ID_ALMACEN,NOMBRE,ID_CATEGORIA,DIRECCION,ID_COMUNA,ESTADO) values ('10','FITSTORE','5','lota 2546','8','1');
REM INSERTING into THREESOFT.SGA_BOLETA
SET DEFINE OFF;
REM INSERTING into THREESOFT.SGA_CATEGORIA
SET DEFINE OFF;
Insert into THREESOFT.SGA_CATEGORIA (ID_CATEGORIA,DESCRIPCION,ESTADO) values ('1','mercado','1');
Insert into THREESOFT.SGA_CATEGORIA (ID_CATEGORIA,DESCRIPCION,ESTADO) values ('2','velduleria','1');
Insert into THREESOFT.SGA_CATEGORIA (ID_CATEGORIA,DESCRIPCION,ESTADO) values ('3','mascotas','1');
Insert into THREESOFT.SGA_CATEGORIA (ID_CATEGORIA,DESCRIPCION,ESTADO) values ('4','vestuario','1');
Insert into THREESOFT.SGA_CATEGORIA (ID_CATEGORIA,DESCRIPCION,ESTADO) values ('5','deportes','1');
REM INSERTING into THREESOFT.SGA_CLIENTE
SET DEFINE OFF;
Insert into THREESOFT.SGA_CLIENTE (ID_CLIENTE,RUT,NOMBRE,APELLIDO,TELEFONO,EMAIL,FECHA_NACIMIENTO,DIRECCION,ESTADO,ID_ALMACEN,ID_COMUNA) values ('1','1111111-1','Elba','Surita','1111111','Elba@ESMENTIRA.COM',to_date('12/03/90','DD/MM/RR'),'lejos 1313','1','1','8');
Insert into THREESOFT.SGA_CLIENTE (ID_CLIENTE,RUT,NOMBRE,APELLIDO,TELEFONO,EMAIL,FECHA_NACIMIENTO,DIRECCION,ESTADO,ID_ALMACEN,ID_COMUNA) values ('2','1111111-2','Josefa','Parra','1111112','Josefa@ESMENTIRA.COM',to_date('12/06/90','DD/MM/RR'),'galaxia 1698','1','1','5');
Insert into THREESOFT.SGA_CLIENTE (ID_CLIENTE,RUT,NOMBRE,APELLIDO,TELEFONO,EMAIL,FECHA_NACIMIENTO,DIRECCION,ESTADO,ID_ALMACEN,ID_COMUNA) values ('3','1111111-3','Marcelo','Avila','1111113','Marcelo@ESMENTIRA.COM',to_date('12/05/90','DD/MM/RR'),'saturno 658','1','2','6');
Insert into THREESOFT.SGA_CLIENTE (ID_CLIENTE,RUT,NOMBRE,APELLIDO,TELEFONO,EMAIL,FECHA_NACIMIENTO,DIRECCION,ESTADO,ID_ALMACEN,ID_COMUNA) values ('4','1111111-4','Pedro','Pony','1111114','Pedro@ESMENTIRA.COM',to_date('10/03/90','DD/MM/RR'),'rio oscuro 777','1','2','13');
Insert into THREESOFT.SGA_CLIENTE (ID_CLIENTE,RUT,NOMBRE,APELLIDO,TELEFONO,EMAIL,FECHA_NACIMIENTO,DIRECCION,ESTADO,ID_ALMACEN,ID_COMUNA) values ('5','1111111-5','Alvaro','Galleguillos','1111115','Alvaro@ESMENTIRA.COM',to_date('12/03/96','DD/MM/RR'),'los aromos 6354','1','3','17');
Insert into THREESOFT.SGA_CLIENTE (ID_CLIENTE,RUT,NOMBRE,APELLIDO,TELEFONO,EMAIL,FECHA_NACIMIENTO,DIRECCION,ESTADO,ID_ALMACEN,ID_COMUNA) values ('6','1111111-6','Alexander','Fuentes','1111116','Alexander@ESMENTIRA.COM',to_date('12/12/98','DD/MM/RR'),'francia 154','1','3','9');
Insert into THREESOFT.SGA_CLIENTE (ID_CLIENTE,RUT,NOMBRE,APELLIDO,TELEFONO,EMAIL,FECHA_NACIMIENTO,DIRECCION,ESTADO,ID_ALMACEN,ID_COMUNA) values ('7','1111111-7','Mateo','Orellana','1111117','Mateo@ESMENTIRA.COM',to_date('04/03/93','DD/MM/RR'),'schlack 361','1','4','15');
Insert into THREESOFT.SGA_CLIENTE (ID_CLIENTE,RUT,NOMBRE,APELLIDO,TELEFONO,EMAIL,FECHA_NACIMIENTO,DIRECCION,ESTADO,ID_ALMACEN,ID_COMUNA) values ('8','1111111-8','Valentina','Gonzalez','1111118','Valentina@ESMENTIRA.COM',to_date('12/08/94','DD/MM/RR'),'pio nono 758','1','4','11');
Insert into THREESOFT.SGA_CLIENTE (ID_CLIENTE,RUT,NOMBRE,APELLIDO,TELEFONO,EMAIL,FECHA_NACIMIENTO,DIRECCION,ESTADO,ID_ALMACEN,ID_COMUNA) values ('9','1111111-9','Fabiola','Rosas','1111119','Fabiola@ESMENTIRA.COM',to_date('02/07/90','DD/MM/RR'),'manuel montt 999','1','5','2');
Insert into THREESOFT.SGA_CLIENTE (ID_CLIENTE,RUT,NOMBRE,APELLIDO,TELEFONO,EMAIL,FECHA_NACIMIENTO,DIRECCION,ESTADO,ID_ALMACEN,ID_COMUNA) values ('10','1111111-K','Camila','Suazo','1111120','Camila@ESMENTIRA.COM',to_date('19/05/14','DD/MM/RR'),'lejitos 888','1','5','1');
Insert into THREESOFT.SGA_CLIENTE (ID_CLIENTE,RUT,NOMBRE,APELLIDO,TELEFONO,EMAIL,FECHA_NACIMIENTO,DIRECCION,ESTADO,ID_ALMACEN,ID_COMUNA) values ('11','55','Cliente TEST 11','Cliente TEST 12','123456','13123@123.com',to_date('09/11/16','DD/MM/RR'),'asdasd asd','0','1','31');
Insert into THREESOFT.SGA_CLIENTE (ID_CLIENTE,RUT,NOMBRE,APELLIDO,TELEFONO,EMAIL,FECHA_NACIMIENTO,DIRECCION,ESTADO,ID_ALMACEN,ID_COMUNA) values ('12','9999999-9','Cliente TEST 111','Cliente TEST 121','132','13123@123.com',to_date('09/11/16','DD/MM/RR'),'asdasd','1','1','13');
REM INSERTING into THREESOFT.SGA_COMUNA
SET DEFINE OFF;
Insert into THREESOFT.SGA_COMUNA (ID_COMUNA,COMUNA,ESTADO) values ('1','Cerrillos','1');
Insert into THREESOFT.SGA_COMUNA (ID_COMUNA,COMUNA,ESTADO) values ('2','Cerro Navia','1');
Insert into THREESOFT.SGA_COMUNA (ID_COMUNA,COMUNA,ESTADO) values ('3','Conchalí','1');
Insert into THREESOFT.SGA_COMUNA (ID_COMUNA,COMUNA,ESTADO) values ('4','El Bosque','1');
Insert into THREESOFT.SGA_COMUNA (ID_COMUNA,COMUNA,ESTADO) values ('5','Estación Central','1');
Insert into THREESOFT.SGA_COMUNA (ID_COMUNA,COMUNA,ESTADO) values ('6','Huechuraba','1');
Insert into THREESOFT.SGA_COMUNA (ID_COMUNA,COMUNA,ESTADO) values ('7','Independencia','1');
Insert into THREESOFT.SGA_COMUNA (ID_COMUNA,COMUNA,ESTADO) values ('8','La Cisterna','1');
Insert into THREESOFT.SGA_COMUNA (ID_COMUNA,COMUNA,ESTADO) values ('9','La Florida','1');
Insert into THREESOFT.SGA_COMUNA (ID_COMUNA,COMUNA,ESTADO) values ('10','La Pintana','1');
Insert into THREESOFT.SGA_COMUNA (ID_COMUNA,COMUNA,ESTADO) values ('11','La Granja','1');
Insert into THREESOFT.SGA_COMUNA (ID_COMUNA,COMUNA,ESTADO) values ('12','La Reina','1');
Insert into THREESOFT.SGA_COMUNA (ID_COMUNA,COMUNA,ESTADO) values ('13','Las Condes','1');
Insert into THREESOFT.SGA_COMUNA (ID_COMUNA,COMUNA,ESTADO) values ('14','Lo Barnechea','1');
Insert into THREESOFT.SGA_COMUNA (ID_COMUNA,COMUNA,ESTADO) values ('15','Lo Espejo','1');
Insert into THREESOFT.SGA_COMUNA (ID_COMUNA,COMUNA,ESTADO) values ('16','Lo Prado','1');
Insert into THREESOFT.SGA_COMUNA (ID_COMUNA,COMUNA,ESTADO) values ('17','Macul','1');
Insert into THREESOFT.SGA_COMUNA (ID_COMUNA,COMUNA,ESTADO) values ('18','Maipú','1');
Insert into THREESOFT.SGA_COMUNA (ID_COMUNA,COMUNA,ESTADO) values ('19','Ñuñoa','1');
Insert into THREESOFT.SGA_COMUNA (ID_COMUNA,COMUNA,ESTADO) values ('20','Pedro Aguirre Cerda','1');
Insert into THREESOFT.SGA_COMUNA (ID_COMUNA,COMUNA,ESTADO) values ('21','Peñalolén','1');
Insert into THREESOFT.SGA_COMUNA (ID_COMUNA,COMUNA,ESTADO) values ('22','Pudahuel','1');
Insert into THREESOFT.SGA_COMUNA (ID_COMUNA,COMUNA,ESTADO) values ('23','Quilicura','1');
Insert into THREESOFT.SGA_COMUNA (ID_COMUNA,COMUNA,ESTADO) values ('24','Quinta Normal','1');
Insert into THREESOFT.SGA_COMUNA (ID_COMUNA,COMUNA,ESTADO) values ('25','Recoleta','1');
Insert into THREESOFT.SGA_COMUNA (ID_COMUNA,COMUNA,ESTADO) values ('26','Renca','1');
Insert into THREESOFT.SGA_COMUNA (ID_COMUNA,COMUNA,ESTADO) values ('27','San Miguel','1');
Insert into THREESOFT.SGA_COMUNA (ID_COMUNA,COMUNA,ESTADO) values ('28','San Joaquín','1');
Insert into THREESOFT.SGA_COMUNA (ID_COMUNA,COMUNA,ESTADO) values ('29','San Ramón','1');
Insert into THREESOFT.SGA_COMUNA (ID_COMUNA,COMUNA,ESTADO) values ('30','Santiago','1');
Insert into THREESOFT.SGA_COMUNA (ID_COMUNA,COMUNA,ESTADO) values ('31','Vitacura','1');
REM INSERTING into THREESOFT.SGA_DETALLE_BOLETA
SET DEFINE OFF;
REM INSERTING into THREESOFT.SGA_DETALLE_ORDEN_COMPRA
SET DEFINE OFF;
REM INSERTING into THREESOFT.SGA_DETALLE_PRODUCTO
SET DEFINE OFF;
REM INSERTING into THREESOFT.SGA_MARCA
SET DEFINE OFF;
Insert into THREESOFT.SGA_MARCA (ID_MARCA,MARCA,ESTADO,ID_CATEGORIA,ID_PROVEEDOR) values ('1','Nescafe','1','1','1');
Insert into THREESOFT.SGA_MARCA (ID_MARCA,MARCA,ESTADO,ID_CATEGORIA,ID_PROVEEDOR) values ('2','Sahne nuss','1','1','1');
Insert into THREESOFT.SGA_MARCA (ID_MARCA,MARCA,ESTADO,ID_CATEGORIA,ID_PROVEEDOR) values ('3','Pepsi','1','1','2');
Insert into THREESOFT.SGA_MARCA (ID_MARCA,MARCA,ESTADO,ID_CATEGORIA,ID_PROVEEDOR) values ('4','Bilz y pap','1','1','2');
Insert into THREESOFT.SGA_MARCA (ID_MARCA,MARCA,ESTADO,ID_CATEGORIA,ID_PROVEEDOR) values ('5','Huerta organica','1','2','3');
Insert into THREESOFT.SGA_MARCA (ID_MARCA,MARCA,ESTADO,ID_CATEGORIA,ID_PROVEEDOR) values ('6','Chiquita','1','2','3');
Insert into THREESOFT.SGA_MARCA (ID_MARCA,MARCA,ESTADO,ID_CATEGORIA,ID_PROVEEDOR) values ('7','Del monte','1','2','4');
Insert into THREESOFT.SGA_MARCA (ID_MARCA,MARCA,ESTADO,ID_CATEGORIA,ID_PROVEEDOR) values ('8','Vitavega','1','2','4');
Insert into THREESOFT.SGA_MARCA (ID_MARCA,MARCA,ESTADO,ID_CATEGORIA,ID_PROVEEDOR) values ('9','Woof','1','3','5');
Insert into THREESOFT.SGA_MARCA (ID_MARCA,MARCA,ESTADO,ID_CATEGORIA,ID_PROVEEDOR) values ('10','Safiri','1','3','5');
Insert into THREESOFT.SGA_MARCA (ID_MARCA,MARCA,ESTADO,ID_CATEGORIA,ID_PROVEEDOR) values ('11','Doko','1','3','6');
Insert into THREESOFT.SGA_MARCA (ID_MARCA,MARCA,ESTADO,ID_CATEGORIA,ID_PROVEEDOR) values ('12','Whiskas','1','3','6');
Insert into THREESOFT.SGA_MARCA (ID_MARCA,MARCA,ESTADO,ID_CATEGORIA,ID_PROVEEDOR) values ('13','Cos','1','4','7');
Insert into THREESOFT.SGA_MARCA (ID_MARCA,MARCA,ESTADO,ID_CATEGORIA,ID_PROVEEDOR) values ('14','Monki','1','4','7');
Insert into THREESOFT.SGA_MARCA (ID_MARCA,MARCA,ESTADO,ID_CATEGORIA,ID_PROVEEDOR) values ('15','Americanin','1','4','8');
Insert into THREESOFT.SGA_MARCA (ID_MARCA,MARCA,ESTADO,ID_CATEGORIA,ID_PROVEEDOR) values ('16','Sybilla','1','4','8');
Insert into THREESOFT.SGA_MARCA (ID_MARCA,MARCA,ESTADO,ID_CATEGORIA,ID_PROVEEDOR) values ('17','Air Max','1','5','9');
Insert into THREESOFT.SGA_MARCA (ID_MARCA,MARCA,ESTADO,ID_CATEGORIA,ID_PROVEEDOR) values ('18','Clothes','1','5','9');
Insert into THREESOFT.SGA_MARCA (ID_MARCA,MARCA,ESTADO,ID_CATEGORIA,ID_PROVEEDOR) values ('19','Trek','1','5','10');
Insert into THREESOFT.SGA_MARCA (ID_MARCA,MARCA,ESTADO,ID_CATEGORIA,ID_PROVEEDOR) values ('20','Lippi','1','5','10');
REM INSERTING into THREESOFT.SGA_MENU
SET DEFINE OFF;
Insert into THREESOFT.SGA_MENU (ID_MENU,ID_PERFIL,DESCRIPCION,PADRE_MENU,DESTINO,ESTADO) values ('1','1','Ingresar Producto','0','IngresarProducto.jsp',null);
Insert into THREESOFT.SGA_MENU (ID_MENU,ID_PERFIL,DESCRIPCION,PADRE_MENU,DESTINO,ESTADO) values ('2','1','Ingresar Proveedor','0','IngresarProveedor.jsp',null);
Insert into THREESOFT.SGA_MENU (ID_MENU,ID_PERFIL,DESCRIPCION,PADRE_MENU,DESTINO,ESTADO) values ('3','1','Ingresar Cliente','0','IngresarCliente.jsp',null);
Insert into THREESOFT.SGA_MENU (ID_MENU,ID_PERFIL,DESCRIPCION,PADRE_MENU,DESTINO,ESTADO) values ('7','1','Generar Orden de Compra','0','IngresoOrdenCompra.jsp',null);
Insert into THREESOFT.SGA_MENU (ID_MENU,ID_PERFIL,DESCRIPCION,PADRE_MENU,DESTINO,ESTADO) values ('4','1','Listado Producto','0','ListadoProducto.jsp',null);
Insert into THREESOFT.SGA_MENU (ID_MENU,ID_PERFIL,DESCRIPCION,PADRE_MENU,DESTINO,ESTADO) values ('5','1','Listado Proveedor','0','ListadoProveedor.jsp',null);
Insert into THREESOFT.SGA_MENU (ID_MENU,ID_PERFIL,DESCRIPCION,PADRE_MENU,DESTINO,ESTADO) values ('6','1','Listado Cliente','0','ListadoCliente.jsp',null);
REM INSERTING into THREESOFT.SGA_ORDEN_COMPRA
SET DEFINE OFF;
REM INSERTING into THREESOFT.SGA_PERFIL
SET DEFINE OFF;
Insert into THREESOFT.SGA_PERFIL (ID_PERFIL,DESCRIPCION,ESTADO) values ('1','Admin',null);
Insert into THREESOFT.SGA_PERFIL (ID_PERFIL,DESCRIPCION,ESTADO) values ('2','Usuario',null);
REM INSERTING into THREESOFT.SGA_PRODUCTO
SET DEFINE OFF;
Insert into THREESOFT.SGA_PRODUCTO (ID_PRODUCTO,NOMBRE,PRECIO_COMPRA,PRECIO_VENTA,STOCK,ESTADO,ID_MARCA) values ('42','Producto TEST','10000','10000','110','1','1');
Insert into THREESOFT.SGA_PRODUCTO (ID_PRODUCTO,NOMBRE,PRECIO_COMPRA,PRECIO_VENTA,STOCK,ESTADO,ID_MARCA) values ('1','Dolca 500mg','900','1500','10','1','1');
Insert into THREESOFT.SGA_PRODUCTO (ID_PRODUCTO,NOMBRE,PRECIO_COMPRA,PRECIO_VENTA,STOCK,ESTADO,ID_MARCA) values ('2','Tradicional 500mg','700','1300','20','1','1');
Insert into THREESOFT.SGA_PRODUCTO (ID_PRODUCTO,NOMBRE,PRECIO_COMPRA,PRECIO_VENTA,STOCK,ESTADO,ID_MARCA) values ('3','Clasico 160g','1000','2000','15','1','2');
Insert into THREESOFT.SGA_PRODUCTO (ID_PRODUCTO,NOMBRE,PRECIO_COMPRA,PRECIO_VENTA,STOCK,ESTADO,ID_MARCA) values ('4','Sin azucar 160g','1200','2500','10','1','2');
Insert into THREESOFT.SGA_PRODUCTO (ID_PRODUCTO,NOMBRE,PRECIO_COMPRA,PRECIO_VENTA,STOCK,ESTADO,ID_MARCA) values ('5','Clasica 1lt','400','900','12','1','3');
Insert into THREESOFT.SGA_PRODUCTO (ID_PRODUCTO,NOMBRE,PRECIO_COMPRA,PRECIO_VENTA,STOCK,ESTADO,ID_MARCA) values ('6','Zero 1lt','400','900','6','1','3');
Insert into THREESOFT.SGA_PRODUCTO (ID_PRODUCTO,NOMBRE,PRECIO_COMPRA,PRECIO_VENTA,STOCK,ESTADO,ID_MARCA) values ('7','Bilz 2lt','450','950','12','1','4');
Insert into THREESOFT.SGA_PRODUCTO (ID_PRODUCTO,NOMBRE,PRECIO_COMPRA,PRECIO_VENTA,STOCK,ESTADO,ID_MARCA) values ('8','Pap 2lt','450','950','12','1','4');
Insert into THREESOFT.SGA_PRODUCTO (ID_PRODUCTO,NOMBRE,PRECIO_COMPRA,PRECIO_VENTA,STOCK,ESTADO,ID_MARCA) values ('9','Lechuga','300','500','5','1','5');
Insert into THREESOFT.SGA_PRODUCTO (ID_PRODUCTO,NOMBRE,PRECIO_COMPRA,PRECIO_VENTA,STOCK,ESTADO,ID_MARCA) values ('10','Apio','600','1000','5','1','5');
Insert into THREESOFT.SGA_PRODUCTO (ID_PRODUCTO,NOMBRE,PRECIO_COMPRA,PRECIO_VENTA,STOCK,ESTADO,ID_MARCA) values ('11','Banana Grande','100','200','10','0','6');
Insert into THREESOFT.SGA_PRODUCTO (ID_PRODUCTO,NOMBRE,PRECIO_COMPRA,PRECIO_VENTA,STOCK,ESTADO,ID_MARCA) values ('12','Banana Mediana','80','170','10','1','6');
Insert into THREESOFT.SGA_PRODUCTO (ID_PRODUCTO,NOMBRE,PRECIO_COMPRA,PRECIO_VENTA,STOCK,ESTADO,ID_MARCA) values ('13','Arandanos 500g','1000','2000','6','1','7');
Insert into THREESOFT.SGA_PRODUCTO (ID_PRODUCTO,NOMBRE,PRECIO_COMPRA,PRECIO_VENTA,STOCK,ESTADO,ID_MARCA) values ('14','Mora 500g','1000','2000','6','1','7');
Insert into THREESOFT.SGA_PRODUCTO (ID_PRODUCTO,NOMBRE,PRECIO_COMPRA,PRECIO_VENTA,STOCK,ESTADO,ID_MARCA) values ('15','Infusion matcha 100g','3000','5000','10','1','8');
Insert into THREESOFT.SGA_PRODUCTO (ID_PRODUCTO,NOMBRE,PRECIO_COMPRA,PRECIO_VENTA,STOCK,ESTADO,ID_MARCA) values ('16','Sesamo 200g','2000','4000','10','1','8');
Insert into THREESOFT.SGA_PRODUCTO (ID_PRODUCTO,NOMBRE,PRECIO_COMPRA,PRECIO_VENTA,STOCK,ESTADO,ID_MARCA) values ('17','Collar metalico M','8000','10000','10','1','9');
Insert into THREESOFT.SGA_PRODUCTO (ID_PRODUCTO,NOMBRE,PRECIO_COMPRA,PRECIO_VENTA,STOCK,ESTADO,ID_MARCA) values ('18','Correa cuerda S','7000','9000','10','1','9');
Insert into THREESOFT.SGA_PRODUCTO (ID_PRODUCTO,NOMBRE,PRECIO_COMPRA,PRECIO_VENTA,STOCK,ESTADO,ID_MARCA) values ('19','Cama perro S','15000','20000','5','1','10');
Insert into THREESOFT.SGA_PRODUCTO (ID_PRODUCTO,NOMBRE,PRECIO_COMPRA,PRECIO_VENTA,STOCK,ESTADO,ID_MARCA) values ('20','Cepillo gato','7000','10000','10','1','10');
Insert into THREESOFT.SGA_PRODUCTO (ID_PRODUCTO,NOMBRE,PRECIO_COMPRA,PRECIO_VENTA,STOCK,ESTADO,ID_MARCA) values ('21','Alimento cachorro 1k','5000','7000','6','1','11');
Insert into THREESOFT.SGA_PRODUCTO (ID_PRODUCTO,NOMBRE,PRECIO_COMPRA,PRECIO_VENTA,STOCK,ESTADO,ID_MARCA) values ('22','Alimento adulto 1k','4000','6000','6','1','11');
Insert into THREESOFT.SGA_PRODUCTO (ID_PRODUCTO,NOMBRE,PRECIO_COMPRA,PRECIO_VENTA,STOCK,ESTADO,ID_MARCA) values ('23','Alimento cachorro 1k','5000','7000','6','1','12');
Insert into THREESOFT.SGA_PRODUCTO (ID_PRODUCTO,NOMBRE,PRECIO_COMPRA,PRECIO_VENTA,STOCK,ESTADO,ID_MARCA) values ('24','Alimento adulto 1k','4000','6000','6','1','12');
Insert into THREESOFT.SGA_PRODUCTO (ID_PRODUCTO,NOMBRE,PRECIO_COMPRA,PRECIO_VENTA,STOCK,ESTADO,ID_MARCA) values ('25','Polera estampada S','5000','10000','5','1','13');
Insert into THREESOFT.SGA_PRODUCTO (ID_PRODUCTO,NOMBRE,PRECIO_COMPRA,PRECIO_VENTA,STOCK,ESTADO,ID_MARCA) values ('26','Polera estampada M','5000','10000','5','1','13');
Insert into THREESOFT.SGA_PRODUCTO (ID_PRODUCTO,NOMBRE,PRECIO_COMPRA,PRECIO_VENTA,STOCK,ESTADO,ID_MARCA) values ('27','Pantalon Strech S','10000','15000','6','1','14');
Insert into THREESOFT.SGA_PRODUCTO (ID_PRODUCTO,NOMBRE,PRECIO_COMPRA,PRECIO_VENTA,STOCK,ESTADO,ID_MARCA) values ('28','Pantalon Strech M','10000','15000','6','1','14');
Insert into THREESOFT.SGA_PRODUCTO (ID_PRODUCTO,NOMBRE,PRECIO_COMPRA,PRECIO_VENTA,STOCK,ESTADO,ID_MARCA) values ('29','Chaqueta cuero S','40000','70000','4','1','15');
Insert into THREESOFT.SGA_PRODUCTO (ID_PRODUCTO,NOMBRE,PRECIO_COMPRA,PRECIO_VENTA,STOCK,ESTADO,ID_MARCA) values ('30','Chaqueta cuero M','40000','70000','4','1','15');
Insert into THREESOFT.SGA_PRODUCTO (ID_PRODUCTO,NOMBRE,PRECIO_COMPRA,PRECIO_VENTA,STOCK,ESTADO,ID_MARCA) values ('31','Chaleco estampado S','10000','15000','7','1','16');
Insert into THREESOFT.SGA_PRODUCTO (ID_PRODUCTO,NOMBRE,PRECIO_COMPRA,PRECIO_VENTA,STOCK,ESTADO,ID_MARCA) values ('32','Chaleco estampado M','10000','15000','7','1','16');
Insert into THREESOFT.SGA_PRODUCTO (ID_PRODUCTO,NOMBRE,PRECIO_COMPRA,PRECIO_VENTA,STOCK,ESTADO,ID_MARCA) values ('33','Niño T25','30000','45000','4','1','17');
Insert into THREESOFT.SGA_PRODUCTO (ID_PRODUCTO,NOMBRE,PRECIO_COMPRA,PRECIO_VENTA,STOCK,ESTADO,ID_MARCA) values ('34','Adulto T38','40000','55000','4','1','17');
Insert into THREESOFT.SGA_PRODUCTO (ID_PRODUCTO,NOMBRE,PRECIO_COMPRA,PRECIO_VENTA,STOCK,ESTADO,ID_MARCA) values ('35','Calzas deportivas S','15000','20000','6','1','18');
Insert into THREESOFT.SGA_PRODUCTO (ID_PRODUCTO,NOMBRE,PRECIO_COMPRA,PRECIO_VENTA,STOCK,ESTADO,ID_MARCA) values ('36','Calzas deportivas M','15000','20000','6','1','18');
Insert into THREESOFT.SGA_PRODUCTO (ID_PRODUCTO,NOMBRE,PRECIO_COMPRA,PRECIO_VENTA,STOCK,ESTADO,ID_MARCA) values ('37','Carbonate T36','450000','600000','3','1','19');
Insert into THREESOFT.SGA_PRODUCTO (ID_PRODUCTO,NOMBRE,PRECIO_COMPRA,PRECIO_VENTA,STOCK,ESTADO,ID_MARCA) values ('38','Space T38','550000','700000','4','1','19');
Insert into THREESOFT.SGA_PRODUCTO (ID_PRODUCTO,NOMBRE,PRECIO_COMPRA,PRECIO_VENTA,STOCK,ESTADO,ID_MARCA) values ('39','Banano M','15000','25000','10','1','20');
Insert into THREESOFT.SGA_PRODUCTO (ID_PRODUCTO,NOMBRE,PRECIO_COMPRA,PRECIO_VENTA,STOCK,ESTADO,ID_MARCA) values ('40','Camellback 10lt','30000','50000','10','1','20');
Insert into THREESOFT.SGA_PRODUCTO (ID_PRODUCTO,NOMBRE,PRECIO_COMPRA,PRECIO_VENTA,STOCK,ESTADO,ID_MARCA) values ('41','asd','1','1','1','0','1');
REM INSERTING into THREESOFT.SGA_PROVEEDOR
SET DEFINE OFF;
Insert into THREESOFT.SGA_PROVEEDOR (ID_PROVEEDOR,NOMBRE,RUT,FONO,EMAIL,DIRECCION,ESTADO,ID_COMUNA,ID_ALMACEN) values ('1','NESTLE','11111111-1','11111111','NESTLE@ESFALSO.CL','las lilas 1313','1','1','1');
Insert into THREESOFT.SGA_PROVEEDOR (ID_PROVEEDOR,NOMBRE,RUT,FONO,EMAIL,DIRECCION,ESTADO,ID_COMUNA,ID_ALMACEN) values ('2','CCU','11111111-1','11111112','CCU@ESFALSO.CL','las escondida 656','1','4','1');
Insert into THREESOFT.SGA_PROVEEDOR (ID_PROVEEDOR,NOMBRE,RUT,FONO,EMAIL,DIRECCION,ESTADO,ID_COMUNA,ID_ALMACEN) values ('3','LA VEGA','11111111-1','11111113','LA VEGA@ESFALSO.CL','carahue 2345','1','7','2');
Insert into THREESOFT.SGA_PROVEEDOR (ID_PROVEEDOR,NOMBRE,RUT,FONO,EMAIL,DIRECCION,ESTADO,ID_COMUNA,ID_ALMACEN) values ('4','EL DORADO','11111111-1','11111114','EL DORADO@ESFALSO.CL','maipu 123','1','16','2');
Insert into THREESOFT.SGA_PROVEEDOR (ID_PROVEEDOR,NOMBRE,RUT,FONO,EMAIL,DIRECCION,ESTADO,ID_COMUNA,ID_ALMACEN) values ('5','MASCOSAS','11111111-1','11111115','MASCOSAS@ESFALSO.CL','milan 1492','1','8','3');
Insert into THREESOFT.SGA_PROVEEDOR (ID_PROVEEDOR,NOMBRE,RUT,FONO,EMAIL,DIRECCION,ESTADO,ID_COMUNA,ID_ALMACEN) values ('6','PURINA','11111111-1','11111116','PURINA@ESFALSO.CL','rio claro 1423','1','14','3');
Insert into THREESOFT.SGA_PROVEEDOR (ID_PROVEEDOR,NOMBRE,RUT,FONO,EMAIL,DIRECCION,ESTADO,ID_COMUNA,ID_ALMACEN) values ('7','HYM','11111111-1','11111117','HYM@ESFALSO.CL','el aguilucho 2354','1','21','4');
Insert into THREESOFT.SGA_PROVEEDOR (ID_PROVEEDOR,NOMBRE,RUT,FONO,EMAIL,DIRECCION,ESTADO,ID_COMUNA,ID_ALMACEN) values ('8','AMERICANINO','11111111-1','11111118','AMERICANINO@ESFALSO.CL','el morado 2154','1','3','4');
Insert into THREESOFT.SGA_PROVEEDOR (ID_PROVEEDOR,NOMBRE,RUT,FONO,EMAIL,DIRECCION,ESTADO,ID_COMUNA,ID_ALMACEN) values ('9','NIKE','11111111-1','11111119','NIKE@ESFALSO.CL','uno 1111','1','11','5');
Insert into THREESOFT.SGA_PROVEEDOR (ID_PROVEEDOR,NOMBRE,RUT,FONO,EMAIL,DIRECCION,ESTADO,ID_COMUNA,ID_ALMACEN) values ('10','SPARTA','11111111-1','11111120','SPARTA@ESFALSO.CL','sol 567','1','9','5');
Insert into THREESOFT.SGA_PROVEEDOR (ID_PROVEEDOR,NOMBRE,RUT,FONO,EMAIL,DIRECCION,ESTADO,ID_COMUNA,ID_ALMACEN) values ('34','Proveedor TEST 11','55555555-1','123123','13123@123.com','asd','0','31','1');
Insert into THREESOFT.SGA_PROVEEDOR (ID_PROVEEDOR,NOMBRE,RUT,FONO,EMAIL,DIRECCION,ESTADO,ID_COMUNA,ID_ALMACEN) values ('36','TEST','9999999-9','123','13123@123.com','asdasd asd 123','1','13','1');
REM INSERTING into THREESOFT.SGA_USUARIO
SET DEFINE OFF;
Insert into THREESOFT.SGA_USUARIO (ID_USUARIO,USUARIO,PASS,EMAIL,ESTADO,ID_PERFIL,ID_ALMACEN) values ('1','Admin','j+Ekuctw+Owrnq1vnMXJqYMXKCZmvBiEOXKBNkLzSVBb+1Qm8DRyeKZ2jLeiaoy1','admin@threesoft.com',null,'1','1');
Insert into THREESOFT.SGA_USUARIO (ID_USUARIO,USUARIO,PASS,EMAIL,ESTADO,ID_PERFIL,ID_ALMACEN) values ('2','Admin 2','j+Ekuctw+Owrnq1vnMXJqYMXKCZmvBiEOXKBNkLzSVBb+1Qm8DRyeKZ2jLeiaoy1','admin2@threesoft.com',null,'1','2');
Insert into THREESOFT.SGA_USUARIO (ID_USUARIO,USUARIO,PASS,EMAIL,ESTADO,ID_PERFIL,ID_ALMACEN) values ('3','Admin 5','j+Ekuctw+Owrnq1vnMXJqYMXKCZmvBiEOXKBNkLzSVBb+1Qm8DRyeKZ2jLeiaoy1','admin5@threesoft.com',null,'1','5');
REM INSERTING into THREESOFT.USERS
SET DEFINE OFF;
Insert into THREESOFT.USERS (USER_ID,USERNAME,PASSWORD,PROFILE_ID,WAREHOUSE_ID) values ('1','Max','j+Ekuctw+Owrnq1vnMXJqYMXKCZmvBiEOXKBNkLzSVBb+1Qm8DRyeKZ2jLeiaoy1','1','2');
Insert into THREESOFT.USERS (USER_ID,USERNAME,PASSWORD,PROFILE_ID,WAREHOUSE_ID) values ('2','John','1123','2','1');
REM INSERTING into THREESOFT.WAREHOUSE
SET DEFINE OFF;
Insert into THREESOFT.WAREHOUSE (WAREHOUSE_ID,WAREHOUSE,DISABLE) values ('1','Warehouse Test 1',null);
Insert into THREESOFT.WAREHOUSE (WAREHOUSE_ID,WAREHOUSE,DISABLE) values ('2','WH Test 2',null);
Insert into THREESOFT.WAREHOUSE (WAREHOUSE_ID,WAREHOUSE,DISABLE) values ('3','WH Test 3',null);
--------------------------------------------------------
--  DDL for Index ID_BOLETA_PK
--------------------------------------------------------

  CREATE UNIQUE INDEX "THREESOFT"."ID_BOLETA_PK" ON "THREESOFT"."SGA_BOLETA" ("ID_BOLETA") 
  PCTFREE 10 INITRANS 2 MAXTRANS 255 COMPUTE STATISTICS 
  STORAGE(INITIAL 65536 NEXT 1048576 MINEXTENTS 1 MAXEXTENTS 2147483645
  PCTINCREASE 0 FREELISTS 1 FREELIST GROUPS 1 BUFFER_POOL DEFAULT FLASH_CACHE DEFAULT CELL_FLASH_CACHE DEFAULT)
  TABLESPACE "SYSTEM" ;
--------------------------------------------------------
--  DDL for Index DETALLE_ORDEN_COMPRA
--------------------------------------------------------

  CREATE UNIQUE INDEX "THREESOFT"."DETALLE_ORDEN_COMPRA" ON "THREESOFT"."SGA_DETALLE_ORDEN_COMPRA" ("ID_DETALLE_ORDEN_COMPRA") 
  PCTFREE 10 INITRANS 2 MAXTRANS 255 COMPUTE STATISTICS 
  STORAGE(INITIAL 65536 NEXT 1048576 MINEXTENTS 1 MAXEXTENTS 2147483645
  PCTINCREASE 0 FREELISTS 1 FREELIST GROUPS 1 BUFFER_POOL DEFAULT FLASH_CACHE DEFAULT CELL_FLASH_CACHE DEFAULT)
  TABLESPACE "SYSTEM" ;
--------------------------------------------------------
--  DDL for Index CATEGORIA_PK
--------------------------------------------------------

  CREATE UNIQUE INDEX "THREESOFT"."CATEGORIA_PK" ON "THREESOFT"."SGA_CATEGORIA" ("ID_CATEGORIA") 
  PCTFREE 10 INITRANS 2 MAXTRANS 255 COMPUTE STATISTICS 
  STORAGE(INITIAL 65536 NEXT 1048576 MINEXTENTS 1 MAXEXTENTS 2147483645
  PCTINCREASE 0 FREELISTS 1 FREELIST GROUPS 1 BUFFER_POOL DEFAULT FLASH_CACHE DEFAULT CELL_FLASH_CACHE DEFAULT)
  TABLESPACE "SYSTEM" ;
--------------------------------------------------------
--  DDL for Index ORDEN_COMPRA_PK
--------------------------------------------------------

  CREATE UNIQUE INDEX "THREESOFT"."ORDEN_COMPRA_PK" ON "THREESOFT"."SGA_ORDEN_COMPRA" ("ID_ORDEN_COMPRA") 
  PCTFREE 10 INITRANS 2 MAXTRANS 255 COMPUTE STATISTICS 
  STORAGE(INITIAL 65536 NEXT 1048576 MINEXTENTS 1 MAXEXTENTS 2147483645
  PCTINCREASE 0 FREELISTS 1 FREELIST GROUPS 1 BUFFER_POOL DEFAULT FLASH_CACHE DEFAULT CELL_FLASH_CACHE DEFAULT)
  TABLESPACE "SYSTEM" ;
--------------------------------------------------------
--  DDL for Index WAREHOUSE_PK
--------------------------------------------------------

  CREATE UNIQUE INDEX "THREESOFT"."WAREHOUSE_PK" ON "THREESOFT"."WAREHOUSE" ("WAREHOUSE_ID") 
  PCTFREE 10 INITRANS 2 MAXTRANS 255 COMPUTE STATISTICS 
  STORAGE(INITIAL 65536 NEXT 1048576 MINEXTENTS 1 MAXEXTENTS 2147483645
  PCTINCREASE 0 FREELISTS 1 FREELIST GROUPS 1 BUFFER_POOL DEFAULT FLASH_CACHE DEFAULT CELL_FLASH_CACHE DEFAULT)
  TABLESPACE "SYSTEM" ;
--------------------------------------------------------
--  DDL for Index CLIENTE_PK
--------------------------------------------------------

  CREATE UNIQUE INDEX "THREESOFT"."CLIENTE_PK" ON "THREESOFT"."SGA_CLIENTE" ("ID_CLIENTE") 
  PCTFREE 10 INITRANS 2 MAXTRANS 255 COMPUTE STATISTICS 
  STORAGE(INITIAL 65536 NEXT 1048576 MINEXTENTS 1 MAXEXTENTS 2147483645
  PCTINCREASE 0 FREELISTS 1 FREELIST GROUPS 1 BUFFER_POOL DEFAULT FLASH_CACHE DEFAULT CELL_FLASH_CACHE DEFAULT)
  TABLESPACE "SYSTEM" ;
--------------------------------------------------------
--  DDL for Index DETALLE_PRODUCTO_PK
--------------------------------------------------------

  CREATE UNIQUE INDEX "THREESOFT"."DETALLE_PRODUCTO_PK" ON "THREESOFT"."SGA_DETALLE_PRODUCTO" ("COD_BARRA") 
  PCTFREE 10 INITRANS 2 MAXTRANS 255 COMPUTE STATISTICS 
  STORAGE(INITIAL 65536 NEXT 1048576 MINEXTENTS 1 MAXEXTENTS 2147483645
  PCTINCREASE 0 FREELISTS 1 FREELIST GROUPS 1 BUFFER_POOL DEFAULT FLASH_CACHE DEFAULT CELL_FLASH_CACHE DEFAULT)
  TABLESPACE "SYSTEM" ;
--------------------------------------------------------
--  DDL for Index PROVEEDOR_PK
--------------------------------------------------------

  CREATE UNIQUE INDEX "THREESOFT"."PROVEEDOR_PK" ON "THREESOFT"."SGA_PROVEEDOR" ("ID_PROVEEDOR") 
  PCTFREE 10 INITRANS 2 MAXTRANS 255 COMPUTE STATISTICS 
  STORAGE(INITIAL 65536 NEXT 1048576 MINEXTENTS 1 MAXEXTENTS 2147483645
  PCTINCREASE 0 FREELISTS 1 FREELIST GROUPS 1 BUFFER_POOL DEFAULT FLASH_CACHE DEFAULT CELL_FLASH_CACHE DEFAULT)
  TABLESPACE "SYSTEM" ;
--------------------------------------------------------
--  DDL for Index PERFIL_PK
--------------------------------------------------------

  CREATE UNIQUE INDEX "THREESOFT"."PERFIL_PK" ON "THREESOFT"."SGA_PERFIL" ("ID_PERFIL") 
  PCTFREE 10 INITRANS 2 MAXTRANS 255 COMPUTE STATISTICS 
  STORAGE(INITIAL 65536 NEXT 1048576 MINEXTENTS 1 MAXEXTENTS 2147483645
  PCTINCREASE 0 FREELISTS 1 FREELIST GROUPS 1 BUFFER_POOL DEFAULT FLASH_CACHE DEFAULT CELL_FLASH_CACHE DEFAULT)
  TABLESPACE "SYSTEM" ;
--------------------------------------------------------
--  DDL for Index MEMNU_PK
--------------------------------------------------------

  CREATE UNIQUE INDEX "THREESOFT"."MEMNU_PK" ON "THREESOFT"."MENU" ("MENU_ID") 
  PCTFREE 10 INITRANS 2 MAXTRANS 255 COMPUTE STATISTICS 
  STORAGE(INITIAL 65536 NEXT 1048576 MINEXTENTS 1 MAXEXTENTS 2147483645
  PCTINCREASE 0 FREELISTS 1 FREELIST GROUPS 1 BUFFER_POOL DEFAULT FLASH_CACHE DEFAULT CELL_FLASH_CACHE DEFAULT)
  TABLESPACE "SYSTEM" ;
--------------------------------------------------------
--  DDL for Index DETALLE_BOLETA
--------------------------------------------------------

  CREATE UNIQUE INDEX "THREESOFT"."DETALLE_BOLETA" ON "THREESOFT"."SGA_DETALLE_BOLETA" ("ID_DETALLE_BOLETA") 
  PCTFREE 10 INITRANS 2 MAXTRANS 255 COMPUTE STATISTICS 
  STORAGE(INITIAL 65536 NEXT 1048576 MINEXTENTS 1 MAXEXTENTS 2147483645
  PCTINCREASE 0 FREELISTS 1 FREELIST GROUPS 1 BUFFER_POOL DEFAULT FLASH_CACHE DEFAULT CELL_FLASH_CACHE DEFAULT)
  TABLESPACE "SYSTEM" ;
--------------------------------------------------------
--  DDL for Index COMUNA_PK
--------------------------------------------------------

  CREATE UNIQUE INDEX "THREESOFT"."COMUNA_PK" ON "THREESOFT"."SGA_COMUNA" ("ID_COMUNA") 
  PCTFREE 10 INITRANS 2 MAXTRANS 255 COMPUTE STATISTICS 
  STORAGE(INITIAL 65536 NEXT 1048576 MINEXTENTS 1 MAXEXTENTS 2147483645
  PCTINCREASE 0 FREELISTS 1 FREELIST GROUPS 1 BUFFER_POOL DEFAULT FLASH_CACHE DEFAULT CELL_FLASH_CACHE DEFAULT)
  TABLESPACE "SYSTEM" ;
--------------------------------------------------------
--  DDL for Index PRODUCTO_PK
--------------------------------------------------------

  CREATE UNIQUE INDEX "THREESOFT"."PRODUCTO_PK" ON "THREESOFT"."SGA_PRODUCTO" ("ID_PRODUCTO") 
  PCTFREE 10 INITRANS 2 MAXTRANS 255 COMPUTE STATISTICS 
  STORAGE(INITIAL 65536 NEXT 1048576 MINEXTENTS 1 MAXEXTENTS 2147483645
  PCTINCREASE 0 FREELISTS 1 FREELIST GROUPS 1 BUFFER_POOL DEFAULT FLASH_CACHE DEFAULT CELL_FLASH_CACHE DEFAULT)
  TABLESPACE "SYSTEM" ;
--------------------------------------------------------
--  DDL for Index USUARIO_PK
--------------------------------------------------------

  CREATE UNIQUE INDEX "THREESOFT"."USUARIO_PK" ON "THREESOFT"."SGA_USUARIO" ("ID_USUARIO") 
  PCTFREE 10 INITRANS 2 MAXTRANS 255 COMPUTE STATISTICS 
  STORAGE(INITIAL 65536 NEXT 1048576 MINEXTENTS 1 MAXEXTENTS 2147483645
  PCTINCREASE 0 FREELISTS 1 FREELIST GROUPS 1 BUFFER_POOL DEFAULT FLASH_CACHE DEFAULT CELL_FLASH_CACHE DEFAULT)
  TABLESPACE "SYSTEM" ;
--------------------------------------------------------
--  DDL for Index MARCA_PK
--------------------------------------------------------

  CREATE UNIQUE INDEX "THREESOFT"."MARCA_PK" ON "THREESOFT"."SGA_MARCA" ("ID_MARCA") 
  PCTFREE 10 INITRANS 2 MAXTRANS 255 COMPUTE STATISTICS 
  STORAGE(INITIAL 65536 NEXT 1048576 MINEXTENTS 1 MAXEXTENTS 2147483645
  PCTINCREASE 0 FREELISTS 1 FREELIST GROUPS 1 BUFFER_POOL DEFAULT FLASH_CACHE DEFAULT CELL_FLASH_CACHE DEFAULT)
  TABLESPACE "SYSTEM" ;
--------------------------------------------------------
--  DDL for Index ALMACEN_PK
--------------------------------------------------------

  CREATE UNIQUE INDEX "THREESOFT"."ALMACEN_PK" ON "THREESOFT"."SGA_ALMACEN" ("ID_ALMACEN") 
  PCTFREE 10 INITRANS 2 MAXTRANS 255 COMPUTE STATISTICS 
  STORAGE(INITIAL 65536 NEXT 1048576 MINEXTENTS 1 MAXEXTENTS 2147483645
  PCTINCREASE 0 FREELISTS 1 FREELIST GROUPS 1 BUFFER_POOL DEFAULT FLASH_CACHE DEFAULT CELL_FLASH_CACHE DEFAULT)
  TABLESPACE "SYSTEM" ;
--------------------------------------------------------
--  DDL for Index SGA_MENU1_PK
--------------------------------------------------------

  CREATE UNIQUE INDEX "THREESOFT"."SGA_MENU1_PK" ON "THREESOFT"."SGA_MENU" ("ID_MENU") 
  PCTFREE 10 INITRANS 2 MAXTRANS 255 COMPUTE STATISTICS 
  STORAGE(INITIAL 65536 NEXT 1048576 MINEXTENTS 1 MAXEXTENTS 2147483645
  PCTINCREASE 0 FREELISTS 1 FREELIST GROUPS 1 BUFFER_POOL DEFAULT FLASH_CACHE DEFAULT CELL_FLASH_CACHE DEFAULT)
  TABLESPACE "SYSTEM" ;
--------------------------------------------------------
--  DDL for Procedure SP_LOGIN
--------------------------------------------------------
set define off;

  CREATE OR REPLACE PROCEDURE "THREESOFT"."SP_LOGIN" 
(
p_user IN VARCHAR2,
p_pass IN VARCHAR2,
	   
mensaje OUT INT
)
 IS var_count INT;
 
BEGIN
  mensaje := 0;
   SELECT COUNT(*) INTO var_count from USERS WHERE USERNAME = p_user AND PASSWORD = p_pass;
    IF(var_count > 0) THEN

    mensaje:=1;

    ELSE

    mensaje:=0;
    END IF;
END;

/
--------------------------------------------------------
--  DDL for Procedure SP_LOGIN_1
--------------------------------------------------------
set define off;

  CREATE OR REPLACE PROCEDURE "THREESOFT"."SP_LOGIN_1" 
(
p_username IN VARCHAR2,
p_recordset OUT SYS_REFCURSOR) AS 
BEGIN 
  OPEN p_recordset FOR
    SELECT * FROM USERS WHERE USERNAME = p_username;
END SP_LOGIN_1;

/
--------------------------------------------------------
--  DDL for Procedure SP_LOGIN_2
--------------------------------------------------------
set define off;

  CREATE OR REPLACE PROCEDURE "THREESOFT"."SP_LOGIN_2" (
                      p_recordset OUT SYS_REFCURSOR) AS 
BEGIN 
  OPEN p_recordset FOR
    select * from USERS;
END SP_LOGIN_2;

/
--------------------------------------------------------
--  DDL for Procedure SP_MENU
--------------------------------------------------------
set define off;

  CREATE OR REPLACE PROCEDURE "THREESOFT"."SP_MENU" 
(
p_profile IN NUMERIC,
p_recordset OUT SYS_REFCURSOR
) AS 
BEGIN 
  OPEN p_recordset FOR
    SELECT * FROM MENU WHERE PROFILE_ID = p_profile;
END SP_MENU;

/
--------------------------------------------------------
--  DDL for Procedure SP_WAREHOUSE_LIST
--------------------------------------------------------
set define off;

  CREATE OR REPLACE PROCEDURE "THREESOFT"."SP_WAREHOUSE_LIST" 
(
p_w_id IN NUMERIC,
p_recordset OUT SYS_REFCURSOR
) AS 
BEGIN 
  OPEN p_recordset FOR
    SELECT * FROM WAREHOUSE WHERE WAREHOUSE_ID = p_w_id;
END SP_WAREHOUSE_LIST;

/
--------------------------------------------------------
--  DDL for Package PKG_APP_ESCRITORIO_ALMACEN
--------------------------------------------------------

  CREATE OR REPLACE PACKAGE "THREESOFT"."PKG_APP_ESCRITORIO_ALMACEN" AS	
PROCEDURE prc_add_almacen ( p_nombre        IN sga_almacen.nombre%TYPE,
                            p_id_categoria  IN sga_almacen.id_categoria%TYPE,
                            p_direccion     IN sga_almacen.direccion%TYPE,
                            p_id_comuna     IN sga_almacen.id_comuna%TYPE);
PROCEDURE prc_del_almacen (p_id_almacen     IN sga_almacen.id_almacen%TYPE);        
END pkg_app_escritorio_almacen;


/
--------------------------------------------------------
--  DDL for Package PKG_APP_WEB_CLIENTE
--------------------------------------------------------

  CREATE OR REPLACE PACKAGE "THREESOFT"."PKG_APP_WEB_CLIENTE" AS 
PROCEDURE prc_add_cliente      (p_rut                 IN  sga_cliente.rut%TYPE,
                                p_nombre              IN  sga_cliente.nombre%TYPE,
                                p_apellido            IN  sga_cliente.apellido%TYPE,
                                p_telefono            IN  sga_cliente.telefono%TYPE,
                                p_email               IN  sga_cliente.email%TYPE,
                                p_fecha_nacimiento    IN  sga_cliente.fecha_nacimiento%TYPE,
                                p_direccion           IN  sga_cliente.direccion%TYPE,
                                p_id_almacen          IN  sga_cliente.id_almacen%TYPE,
                                p_id_comuna           IN  sga_cliente.id_comuna%TYPE);
PROCEDURE prc_upd_cliente      (p_id_cliente          IN  sga_cliente.id_cliente%TYPE,
                                p_nombre              IN  sga_cliente.nombre%TYPE,
                                p_apellido            IN  sga_cliente.apellido%TYPE,
                                p_telefono            IN  sga_cliente.telefono%TYPE,
                                p_email               IN  sga_cliente.email%TYPE,
                                p_fecha_nacimiento    IN  sga_cliente.fecha_nacimiento%TYPE,
                                p_direccion           IN  sga_cliente.direccion%TYPE,
                                p_id_comuna           IN  sga_cliente.id_comuna%TYPE);
PROCEDURE prc_del_cliente       (p_id_cliente          IN  sga_cliente.id_cliente%TYPE);
PROCEDURE prc_lst_cliente       (p_id_almacen        IN sga_almacen.id_almacen%TYPE,
                                p_recordset         OUT SYS_REFCURSOR);
PROCEDURE prc_lst_id_cliente    (p_id_cliente          IN  sga_cliente.id_cliente%TYPE,
                                p_recordset         OUT SYS_REFCURSOR);
END pkg_app_web_cliente;

/
--------------------------------------------------------
--  DDL for Package PKG_APP_WEB_ENTORNO
--------------------------------------------------------

  CREATE OR REPLACE PACKAGE "THREESOFT"."PKG_APP_WEB_ENTORNO" AS
PROCEDURE prc_login (p_username    IN  sga_usuario.usuario%TYPE,
                     p_recordset   OUT SYS_REFCURSOR);
PROCEDURE prc_obtener_menu (p_id_perfil       IN  sga_menu.ID_PERFIL%TYPE,
                            p_recordset     OUT SYS_REFCURSOR); 
PROCEDURE prc_lst_comuna (p_recordset     OUT SYS_REFCURSOR); 
PROCEDURE prc_lst_marca (p_id_almacen       IN  sga_almacen.id_almacen%TYPE,
                         p_recordset     OUT SYS_REFCURSOR); 
END pkg_app_web_entorno;

/
--------------------------------------------------------
--  DDL for Package PKG_APP_WEB_EXISTENCIA
--------------------------------------------------------

  CREATE OR REPLACE PACKAGE "THREESOFT"."PKG_APP_WEB_EXISTENCIA" AS
PROCEDURE prc_existe_producto (p_nombre    IN  sga_producto.nombre%TYPE,
                                p_mensaje   OUT INT);
PROCEDURE prc_existe_proveedor (p_nombre       IN  sga_proveedor.nombre%TYPE,
                                p_rut       IN  sga_proveedor.rut%TYPE, 
                                p_mensaje   OUT INT); 
PROCEDURE prc_existe_cliente (p_rut    IN  sga_cliente.rut%TYPE,
                                p_mensaje   OUT INT); 
END pkg_app_web_existencia;

/
--------------------------------------------------------
--  DDL for Package PKG_APP_WEB_PRODUCTO
--------------------------------------------------------

  CREATE OR REPLACE PACKAGE "THREESOFT"."PKG_APP_WEB_PRODUCTO" AS
PROCEDURE prc_add_producto (p_nombre          IN sga_producto.nombre%TYPE,
                            p_precio_compra   IN sga_producto.precio_compra%TYPE,
                            p_precio_venta    IN sga_producto.precio_venta%TYPE,
                            p_stock           IN sga_producto.stock%TYPE,
                            p_id_marca        IN sga_producto.id_marca%TYPE);                            
PROCEDURE prc_upd_producto (p_id_producto     IN sga_producto.id_producto%TYPE,
                            p_nombre          IN sga_producto.nombre%TYPE,
                            p_precio_compra   IN sga_producto.precio_compra%TYPE,
                            p_precio_venta    IN sga_producto.precio_venta%TYPE);
PROCEDURE prc_del_producto (p_id_producto     IN sga_producto.id_producto%TYPE);
PROCEDURE prc_lst_producto (p_id_almacen        IN sga_almacen.id_almacen%TYPE,
                            p_recordset         OUT SYS_REFCURSOR);
PROCEDURE prc_lst_id_producto   (p_id_producto     IN sga_producto.id_producto%TYPE,
                                p_recordset         OUT SYS_REFCURSOR);
FUNCTION fn_codigo_barra (p_id_producto         IN sga_producto.id_producto%TYPE,
                          p_fecha_caducidad  IN sga_detalle_producto.fecha_caducidad%TYPE) 
                          RETURN sga_detalle_producto.cod_barra%TYPE;                                
END pkg_app_web_producto;

/
--------------------------------------------------------
--  DDL for Package PKG_APP_WEB_PROVEEDOR
--------------------------------------------------------

  CREATE OR REPLACE PACKAGE "THREESOFT"."PKG_APP_WEB_PROVEEDOR" AS 
PROCEDURE prc_add_proveedor (p_nombre       IN  sga_proveedor.nombre%TYPE,
                             p_rut          IN  sga_proveedor.rut%TYPE,
                             p_fono         IN  sga_proveedor.fono%TYPE,
                             p_email        IN  sga_proveedor.email%TYPE,
                             p_direccion    IN  sga_proveedor.direccion%TYPE,
                             p_id_comuna    IN  sga_proveedor.id_comuna%TYPE,
                             p_id_almacen   IN  sga_proveedor.id_almacen%TYPE);
PROCEDURE prc_upd_proveedor (p_id_proveedor IN  sga_proveedor.id_proveedor%TYPE,
                             p_nombre       IN  sga_proveedor.nombre%TYPE,
                             p_rut          IN  sga_proveedor.rut%TYPE,
                             p_fono         IN  sga_proveedor.fono%TYPE,
                             p_email        IN  sga_proveedor.email%TYPE,
                             p_direccion    IN  sga_proveedor.direccion%TYPE,
                             p_id_comuna    IN  sga_proveedor.id_comuna%TYPE);
PROCEDURE prc_del_proveedor     (p_id_proveedor IN  sga_proveedor.id_proveedor%TYPE);
PROCEDURE prc_lst_proveedor     (p_id_almacen        IN sga_almacen.id_almacen%TYPE,
                                p_recordset         OUT SYS_REFCURSOR);
PROCEDURE prc_lst_id_proveedor  (p_id_proveedor IN  sga_proveedor.id_proveedor%TYPE,
                                p_recordset         OUT SYS_REFCURSOR);                             
END pkg_app_web_proveedor;

/
--------------------------------------------------------
--  DDL for Package Body PKG_APP_ESCRITORIO_ALMACEN
--------------------------------------------------------

  CREATE OR REPLACE PACKAGE BODY "THREESOFT"."PKG_APP_ESCRITORIO_ALMACEN" AS
PROCEDURE prc_add_almacen ( p_nombre        IN sga_almacen.nombre%TYPE,
                            p_id_categoria  IN sga_almacen.id_categoria%TYPE,
                            p_direccion     IN sga_almacen.direccion%TYPE,
                            p_id_comuna     IN sga_almacen.id_comuna%TYPE) AS
BEGIN 
    INSERT INTO sga_almacen
    VALUES(seq_id_almacen.NEXTVAL,
            p_nombre,
            p_id_categoria,
            p_direccion,
            p_id_comuna,
            1);
END prc_add_almacen;
PROCEDURE prc_del_almacen (p_id_almacen     IN sga_almacen.id_almacen%TYPE) AS
BEGIN
    UPDATE sga_almacen 
    SET estado = 0
    WHERE id_almacen = p_id_almacen;
END prc_del_almacen;
END pkg_app_escritorio_almacen;

/
--------------------------------------------------------
--  DDL for Package Body PKG_APP_WEB_CLIENTE
--------------------------------------------------------

  CREATE OR REPLACE PACKAGE BODY "THREESOFT"."PKG_APP_WEB_CLIENTE" AS 
PROCEDURE prc_add_cliente(p_rut                 IN  sga_cliente.rut%TYPE,
                          p_nombre              IN  sga_cliente.nombre%TYPE,
                          p_apellido            IN  sga_cliente.apellido%TYPE,
                          p_telefono            IN  sga_cliente.telefono%TYPE,
                          p_email               IN  sga_cliente.email%TYPE,
                          p_fecha_nacimiento    IN  sga_cliente.fecha_nacimiento%TYPE,
                          p_direccion           IN  sga_cliente.direccion%TYPE,
                          p_id_almacen          IN  sga_cliente.id_almacen%TYPE,
                          p_id_comuna           IN  sga_cliente.id_comuna%TYPE) AS
BEGIN 
    INSERT INTO sga_cliente
    VALUES (seq_id_cliente.nextval,
            p_rut,
            p_nombre,
            p_apellido,
            p_telefono,
            p_email,
            p_fecha_nacimiento,
            p_direccion,
            1,
            p_id_almacen,
            p_id_comuna);
END prc_add_cliente;
PROCEDURE prc_upd_cliente(p_id_cliente          IN  sga_cliente.id_cliente%TYPE,
                          p_nombre              IN  sga_cliente.nombre%TYPE,
                          p_apellido            IN  sga_cliente.apellido%TYPE,
                          p_telefono            IN  sga_cliente.telefono%TYPE,
                          p_email               IN  sga_cliente.email%TYPE,
                          p_fecha_nacimiento    IN  sga_cliente.fecha_nacimiento%TYPE,
                          p_direccion           IN  sga_cliente.direccion%TYPE,
                          p_id_comuna           IN  sga_cliente.id_comuna%TYPE) AS
BEGIN
    UPDATE sga_cliente
    SET nombre = p_nombre,
        apellido = p_apellido,
        telefono = p_telefono,
        email = p_email,
        fecha_nacimiento = p_fecha_nacimiento,
        direccion = p_direccion, 
        id_comuna = p_id_comuna
    WHERE id_cliente = p_id_cliente;
END prc_upd_cliente;
PROCEDURE prc_del_cliente(p_id_cliente          IN  sga_cliente.id_cliente%TYPE) AS
BEGIN 
    UPDATE sga_cliente
    SET estado = 0
    WHERE id_cliente = p_id_cliente;
END prc_del_cliente;
PROCEDURE prc_lst_cliente(p_id_almacen        IN sga_almacen.id_almacen%TYPE,
                          p_recordset         OUT SYS_REFCURSOR) AS
BEGIN 
    OPEN p_recordset FOR
    SELECT *
    FROM sga_cliente
    WHERE id_almacen = p_id_almacen
    AND estado = 1;
END prc_lst_cliente;

PROCEDURE prc_lst_id_cliente    (p_id_cliente          IN  sga_cliente.id_cliente%TYPE,
                                p_recordset         OUT SYS_REFCURSOR) AS
BEGIN
    OPEN p_recordset FOR
    SELECT *
    FROM sga_cliente
    WHERE id_cliente = p_id_cliente;
END prc_lst_id_cliente;
END pkg_app_web_cliente;

/
--------------------------------------------------------
--  DDL for Package Body PKG_APP_WEB_ENTORNO
--------------------------------------------------------

  CREATE OR REPLACE PACKAGE BODY "THREESOFT"."PKG_APP_WEB_ENTORNO" AS
PROCEDURE prc_login (p_username    IN  sga_usuario.usuario%TYPE,
                                          p_recordset   OUT SYS_REFCURSOR) AS
    BEGIN 
        OPEN p_recordset FOR
            SELECT *
            FROM sga_usuario
            WHERE usuario = p_username;
    END prc_login;

PROCEDURE prc_obtener_menu (p_id_perfil       IN  SGA_MENU.ID_PERFIL%TYPE,
                            p_recordset     OUT SYS_REFCURSOR) AS 
     BEGIN 
        OPEN p_recordset FOR
            SELECT *
            FROM sga_menu WHERE p_id_perfil = ID_PERFIL;
END prc_obtener_menu;
PROCEDURE prc_lst_comuna (p_recordset     OUT SYS_REFCURSOR) AS
BEGIN
   OPEN p_recordset FOR
   SELECT id_comuna,
          comuna
   FROM sga_comuna
   WHERE estado = 1;
END prc_lst_comuna;
PROCEDURE prc_lst_marca (p_id_almacen       IN  sga_almacen.id_almacen%TYPE,
                         p_recordset     OUT SYS_REFCURSOR) AS
BEGIN
   OPEN p_recordset FOR
   SELECT id_marca,
          marca,
          id_proveedor
   FROM sga_marca marca
   JOIN sga_almacen almacen
   ON marca.id_categoria = almacen.id_categoria
   WHERE almacen.id_almacen = p_id_almacen
   AND   marca.estado = 1;
END prc_lst_marca;                         
END pkg_app_web_entorno;

/
--------------------------------------------------------
--  DDL for Package Body PKG_APP_WEB_EXISTENCIA
--------------------------------------------------------

  CREATE OR REPLACE PACKAGE BODY "THREESOFT"."PKG_APP_WEB_EXISTENCIA" AS
PROCEDURE prc_existe_producto
    (
    p_nombre    IN  sga_producto.nombre%TYPE,
    p_mensaje   OUT INT
    )
    IS var_count INT;

    BEGIN
        p_mensaje := 0;
        SELECT COUNT(*) INTO var_count FROM sga_producto WHERE nombre = p_nombre;
        IF(var_count > 0) THEN

        p_mensaje:=1;

        ELSE

        p_mensaje:=0;

        END IF;
END prc_existe_producto;

PROCEDURE prc_existe_proveedor
    (
    p_nombre    IN  sga_proveedor.nombre%TYPE,
    p_rut       IN  sga_proveedor.rut%TYPE,
    p_mensaje   OUT INT
    )
    IS var_count INT;

    BEGIN
        p_mensaje := 0;
        SELECT COUNT(*) INTO var_count FROM sga_proveedor WHERE nombre = p_nombre OR rut = p_rut;
        IF(var_count > 0) THEN

        p_mensaje:=1;

        ELSE

        p_mensaje:=0;

        END IF;
END prc_existe_proveedor;

PROCEDURE prc_existe_cliente
    (
    p_rut    IN  sga_cliente.rut%TYPE,
    p_mensaje   OUT INT
    )
    IS var_count INT;

    BEGIN
        p_mensaje := 0;
        SELECT COUNT(*) INTO var_count FROM sga_cliente WHERE rut = p_rut;
        IF(var_count > 0) THEN

        p_mensaje:=1;

        ELSE

        p_mensaje:=0;

        END IF;
END prc_existe_cliente;    

END pkg_app_web_existencia;

/
--------------------------------------------------------
--  DDL for Package Body PKG_APP_WEB_PRODUCTO
--------------------------------------------------------

  CREATE OR REPLACE PACKAGE BODY "THREESOFT"."PKG_APP_WEB_PRODUCTO" AS
PROCEDURE prc_add_producto (p_nombre          IN sga_producto.nombre%TYPE,
                            p_precio_compra   IN sga_producto.precio_compra%TYPE,
                            p_precio_venta    IN sga_producto.precio_venta%TYPE,
                            p_stock           IN sga_producto.stock%TYPE,
                            p_id_marca        IN sga_producto.id_marca%TYPE) AS 
    BEGIN
    INSERT INTO  sga_producto 
    VALUES      (seq_id_producto.NEXTVAL,                             
                 p_nombre,
                 p_precio_compra,
                 p_precio_venta,
                 p_stock,
                 1,
                 p_id_marca);
END prc_add_producto;

PROCEDURE prc_upd_producto (p_id_producto     IN sga_producto.id_producto%TYPE,
                            p_nombre          IN sga_producto.nombre%TYPE,
                            p_precio_compra   IN sga_producto.precio_compra%TYPE,
                            p_precio_venta    IN sga_producto.precio_venta%TYPE) AS
BEGIN
    UPDATE sga_producto
    SET nombre = p_nombre,
        precio_compra = p_precio_compra,
        precio_venta = p_precio_venta
    WHERE id_producto = p_id_producto;
END prc_upd_producto;

PROCEDURE prc_del_producto (p_id_producto     IN sga_producto.id_producto%TYPE) AS
BEGIN
    UPDATE sga_producto
    SET estado = 0
    WHERE id_producto = p_id_producto;
END prc_del_producto;

PROCEDURE prc_lst_producto (p_id_almacen        IN sga_almacen.id_almacen%TYPE,
                            p_recordset         OUT SYS_REFCURSOR) AS
BEGIN
    OPEN p_recordset FOR
    SELECT produ.ID_MARCA,
           produ.ID_PRODUCTO,
           produ.NOMBRE,
           produ.PRECIO_COMPRA,
           produ.PRECIO_VENTA,
           produ.STOCK
    FROM sga_producto produ
    JOIN sga_marca marca
    ON produ.ID_MARCA= marca.ID_MARCA
    JOIN sga_proveedor provee
    ON marca.ID_PROVEEDOR = provee.ID_PROVEEDOR
    WHERE provee.ID_ALMACEN = p_id_almacen 
    AND produ.ESTADO = 1;
END prc_lst_producto;

PROCEDURE prc_lst_id_producto   (p_id_producto     IN sga_producto.id_producto%TYPE,
                                p_recordset         OUT SYS_REFCURSOR) AS
BEGIN
    OPEN p_recordset FOR
    SELECT *
    FROM  sga_producto
    WHERE id_producto = p_id_producto; 
END prc_lst_id_producto;

FUNCTION fn_codigo_barra (p_id_producto         IN sga_producto.id_producto%TYPE,
                          p_fecha_caducidad  IN sga_detalle_producto.fecha_caducidad%TYPE) 
                          RETURN sga_detalle_producto.cod_barra%TYPE IS v_cod_barra sga_detalle_producto.cod_barra%TYPE;

BEGIN
    SELECT TO_CHAR(marc.id_proveedor,'000')||TO_CHAR(marc.id_marca,'000')||TO_CHAR(p_fecha_caducidad,'YYYYMMDD')||TO_CHAR(prod.id_producto,'000')
    INTO v_cod_barra
    FROM sga_producto prod 
    JOIN sga_marca marc
    ON prod.id_marca = marc.id_marca
    WHERE prod.id_producto = p_id_producto;
END fn_codigo_barra;

END pkg_app_web_producto;

/
--------------------------------------------------------
--  DDL for Package Body PKG_APP_WEB_PROVEEDOR
--------------------------------------------------------

  CREATE OR REPLACE PACKAGE BODY "THREESOFT"."PKG_APP_WEB_PROVEEDOR" AS
PROCEDURE prc_add_proveedor (p_nombre       IN  sga_proveedor.nombre%TYPE,
                             p_rut          IN  sga_proveedor.rut%TYPE,
                             p_fono         IN  sga_proveedor.fono%TYPE,
                             p_email        IN  sga_proveedor.email%TYPE,
                             p_direccion    IN  sga_proveedor.direccion%TYPE,
                             p_id_comuna    IN  sga_proveedor.id_comuna%TYPE,
                             p_id_almacen   IN  sga_proveedor.id_almacen%TYPE) AS
BEGIN
    INSERT INTO sga_proveedor
    VALUES (seq_id_proveedor.nextval,
            p_nombre,
            p_rut,
            p_fono,
            p_email,
            p_direccion,
            1,
            p_id_comuna,
            p_id_almacen);
END prc_add_proveedor;
PROCEDURE prc_upd_proveedor (p_id_proveedor IN  sga_proveedor.id_proveedor%TYPE,
                             p_nombre       IN  sga_proveedor.nombre%TYPE,
                             p_rut          IN  sga_proveedor.rut%TYPE,
                             p_fono         IN  sga_proveedor.fono%TYPE,
                             p_email        IN  sga_proveedor.email%TYPE,
                             p_direccion    IN  sga_proveedor.direccion%TYPE,
                             p_id_comuna    IN  sga_proveedor.id_comuna%TYPE) AS 
BEGIN
    UPDATE sga_proveedor
    SET nombre = p_nombre,
        rut = p_rut,
        fono = p_fono,
        email = p_email,
        direccion = p_direccion,
        id_comuna = p_id_comuna
    WHERE id_proveedor=p_id_proveedor;
END prc_upd_proveedor;

PROCEDURE prc_del_proveedor (p_id_proveedor IN  sga_proveedor.id_proveedor%TYPE) AS
BEGIN
UPDATE sga_proveedor
    SET estado = 0
    WHERE id_proveedor=p_id_proveedor;
END prc_del_proveedor;

PROCEDURE prc_lst_proveedor (p_id_almacen        IN sga_almacen.id_almacen%TYPE,
                            p_recordset         OUT SYS_REFCURSOR) AS
BEGIN
    OPEN p_recordset FOR
    SELECT *
    FROM sga_proveedor 
    WHERE id_almacen = p_id_almacen
    AND estado = 1;
END prc_lst_proveedor;

PROCEDURE prc_lst_id_proveedor  (p_id_proveedor IN  sga_proveedor.id_proveedor%TYPE,
                                p_recordset         OUT SYS_REFCURSOR) AS
BEGIN
    OPEN p_recordset FOR
    SELECT *
    FROM sga_proveedor
    WHERE id_proveedor = p_id_proveedor;
END prc_lst_id_proveedor;

END pkg_app_web_proveedor;

/
--------------------------------------------------------
--  Constraints for Table SGA_PROVEEDOR
--------------------------------------------------------

  ALTER TABLE "THREESOFT"."SGA_PROVEEDOR" ADD CONSTRAINT "PROVEEDOR_PK" PRIMARY KEY ("ID_PROVEEDOR")
  USING INDEX PCTFREE 10 INITRANS 2 MAXTRANS 255 COMPUTE STATISTICS 
  STORAGE(INITIAL 65536 NEXT 1048576 MINEXTENTS 1 MAXEXTENTS 2147483645
  PCTINCREASE 0 FREELISTS 1 FREELIST GROUPS 1 BUFFER_POOL DEFAULT FLASH_CACHE DEFAULT CELL_FLASH_CACHE DEFAULT)
  TABLESPACE "SYSTEM"  ENABLE;
  ALTER TABLE "THREESOFT"."SGA_PROVEEDOR" MODIFY ("ID_ALMACEN" NOT NULL ENABLE);
  ALTER TABLE "THREESOFT"."SGA_PROVEEDOR" MODIFY ("ID_COMUNA" NOT NULL ENABLE);
  ALTER TABLE "THREESOFT"."SGA_PROVEEDOR" MODIFY ("ID_PROVEEDOR" NOT NULL ENABLE);
--------------------------------------------------------
--  Constraints for Table SGA_DETALLE_PRODUCTO
--------------------------------------------------------

  ALTER TABLE "THREESOFT"."SGA_DETALLE_PRODUCTO" ADD CONSTRAINT "DETALLE_PRODUCTO_PK" PRIMARY KEY ("COD_BARRA")
  USING INDEX PCTFREE 10 INITRANS 2 MAXTRANS 255 COMPUTE STATISTICS 
  STORAGE(INITIAL 65536 NEXT 1048576 MINEXTENTS 1 MAXEXTENTS 2147483645
  PCTINCREASE 0 FREELISTS 1 FREELIST GROUPS 1 BUFFER_POOL DEFAULT FLASH_CACHE DEFAULT CELL_FLASH_CACHE DEFAULT)
  TABLESPACE "SYSTEM"  ENABLE;
--------------------------------------------------------
--  Constraints for Table MENU
--------------------------------------------------------

  ALTER TABLE "THREESOFT"."MENU" ADD CONSTRAINT "MEMNU_PK" PRIMARY KEY ("MENU_ID")
  USING INDEX PCTFREE 10 INITRANS 2 MAXTRANS 255 COMPUTE STATISTICS 
  STORAGE(INITIAL 65536 NEXT 1048576 MINEXTENTS 1 MAXEXTENTS 2147483645
  PCTINCREASE 0 FREELISTS 1 FREELIST GROUPS 1 BUFFER_POOL DEFAULT FLASH_CACHE DEFAULT CELL_FLASH_CACHE DEFAULT)
  TABLESPACE "SYSTEM"  ENABLE;
  ALTER TABLE "THREESOFT"."MENU" MODIFY ("MENU_NAME" NOT NULL ENABLE);
  ALTER TABLE "THREESOFT"."MENU" MODIFY ("PROFILE_ID" NOT NULL ENABLE);
  ALTER TABLE "THREESOFT"."MENU" MODIFY ("MENU_ID" NOT NULL ENABLE);
--------------------------------------------------------
--  Constraints for Table WAREHOUSE
--------------------------------------------------------

  ALTER TABLE "THREESOFT"."WAREHOUSE" ADD CONSTRAINT "WAREHOUSE_PK" PRIMARY KEY ("WAREHOUSE_ID")
  USING INDEX PCTFREE 10 INITRANS 2 MAXTRANS 255 COMPUTE STATISTICS 
  STORAGE(INITIAL 65536 NEXT 1048576 MINEXTENTS 1 MAXEXTENTS 2147483645
  PCTINCREASE 0 FREELISTS 1 FREELIST GROUPS 1 BUFFER_POOL DEFAULT FLASH_CACHE DEFAULT CELL_FLASH_CACHE DEFAULT)
  TABLESPACE "SYSTEM"  ENABLE;
  ALTER TABLE "THREESOFT"."WAREHOUSE" MODIFY ("WAREHOUSE_ID" NOT NULL ENABLE);
--------------------------------------------------------
--  Constraints for Table USERS
--------------------------------------------------------

  ALTER TABLE "THREESOFT"."USERS" MODIFY ("WAREHOUSE_ID" NOT NULL ENABLE);
  ALTER TABLE "THREESOFT"."USERS" ADD PRIMARY KEY ("USER_ID")
  USING INDEX PCTFREE 10 INITRANS 2 MAXTRANS 255 COMPUTE STATISTICS 
  STORAGE(INITIAL 65536 NEXT 1048576 MINEXTENTS 1 MAXEXTENTS 2147483645
  PCTINCREASE 0 FREELISTS 1 FREELIST GROUPS 1 BUFFER_POOL DEFAULT FLASH_CACHE DEFAULT CELL_FLASH_CACHE DEFAULT)
  TABLESPACE "SYSTEM"  ENABLE;
  ALTER TABLE "THREESOFT"."USERS" MODIFY ("USER_ID" NOT NULL ENABLE);
--------------------------------------------------------
--  Constraints for Table SGA_CLIENTE
--------------------------------------------------------

  ALTER TABLE "THREESOFT"."SGA_CLIENTE" ADD CONSTRAINT "CLIENTE_PK" PRIMARY KEY ("ID_CLIENTE")
  USING INDEX PCTFREE 10 INITRANS 2 MAXTRANS 255 COMPUTE STATISTICS 
  STORAGE(INITIAL 65536 NEXT 1048576 MINEXTENTS 1 MAXEXTENTS 2147483645
  PCTINCREASE 0 FREELISTS 1 FREELIST GROUPS 1 BUFFER_POOL DEFAULT FLASH_CACHE DEFAULT CELL_FLASH_CACHE DEFAULT)
  TABLESPACE "SYSTEM"  ENABLE;
  ALTER TABLE "THREESOFT"."SGA_CLIENTE" MODIFY ("ID_COMUNA" NOT NULL ENABLE);
  ALTER TABLE "THREESOFT"."SGA_CLIENTE" MODIFY ("ID_ALMACEN" NOT NULL ENABLE);
  ALTER TABLE "THREESOFT"."SGA_CLIENTE" MODIFY ("ID_CLIENTE" NOT NULL ENABLE);
--------------------------------------------------------
--  Constraints for Table SGA_COMUNA
--------------------------------------------------------

  ALTER TABLE "THREESOFT"."SGA_COMUNA" ADD CONSTRAINT "COMUNA_PK" PRIMARY KEY ("ID_COMUNA")
  USING INDEX PCTFREE 10 INITRANS 2 MAXTRANS 255 COMPUTE STATISTICS 
  STORAGE(INITIAL 65536 NEXT 1048576 MINEXTENTS 1 MAXEXTENTS 2147483645
  PCTINCREASE 0 FREELISTS 1 FREELIST GROUPS 1 BUFFER_POOL DEFAULT FLASH_CACHE DEFAULT CELL_FLASH_CACHE DEFAULT)
  TABLESPACE "SYSTEM"  ENABLE;
  ALTER TABLE "THREESOFT"."SGA_COMUNA" MODIFY ("ID_COMUNA" NOT NULL ENABLE);
--------------------------------------------------------
--  Constraints for Table SGA_CATEGORIA
--------------------------------------------------------

  ALTER TABLE "THREESOFT"."SGA_CATEGORIA" ADD CONSTRAINT "CATEGORIA_PK" PRIMARY KEY ("ID_CATEGORIA")
  USING INDEX PCTFREE 10 INITRANS 2 MAXTRANS 255 COMPUTE STATISTICS 
  STORAGE(INITIAL 65536 NEXT 1048576 MINEXTENTS 1 MAXEXTENTS 2147483645
  PCTINCREASE 0 FREELISTS 1 FREELIST GROUPS 1 BUFFER_POOL DEFAULT FLASH_CACHE DEFAULT CELL_FLASH_CACHE DEFAULT)
  TABLESPACE "SYSTEM"  ENABLE;
  ALTER TABLE "THREESOFT"."SGA_CATEGORIA" MODIFY ("ID_CATEGORIA" NOT NULL ENABLE);
--------------------------------------------------------
--  Constraints for Table SGA_DETALLE_BOLETA
--------------------------------------------------------

  ALTER TABLE "THREESOFT"."SGA_DETALLE_BOLETA" ADD CONSTRAINT "DETALLE_BOLETA" PRIMARY KEY ("ID_DETALLE_BOLETA")
  USING INDEX PCTFREE 10 INITRANS 2 MAXTRANS 255 COMPUTE STATISTICS 
  STORAGE(INITIAL 65536 NEXT 1048576 MINEXTENTS 1 MAXEXTENTS 2147483645
  PCTINCREASE 0 FREELISTS 1 FREELIST GROUPS 1 BUFFER_POOL DEFAULT FLASH_CACHE DEFAULT CELL_FLASH_CACHE DEFAULT)
  TABLESPACE "SYSTEM"  ENABLE;
  ALTER TABLE "THREESOFT"."SGA_DETALLE_BOLETA" MODIFY ("ID_BOLETA" NOT NULL ENABLE);
  ALTER TABLE "THREESOFT"."SGA_DETALLE_BOLETA" MODIFY ("ID_DETALLE_BOLETA" NOT NULL ENABLE);
--------------------------------------------------------
--  Constraints for Table SGA_PRODUCTO
--------------------------------------------------------

  ALTER TABLE "THREESOFT"."SGA_PRODUCTO" ADD CONSTRAINT "PRODUCTO_PK" PRIMARY KEY ("ID_PRODUCTO")
  USING INDEX PCTFREE 10 INITRANS 2 MAXTRANS 255 COMPUTE STATISTICS 
  STORAGE(INITIAL 65536 NEXT 1048576 MINEXTENTS 1 MAXEXTENTS 2147483645
  PCTINCREASE 0 FREELISTS 1 FREELIST GROUPS 1 BUFFER_POOL DEFAULT FLASH_CACHE DEFAULT CELL_FLASH_CACHE DEFAULT)
  TABLESPACE "SYSTEM"  ENABLE;
  ALTER TABLE "THREESOFT"."SGA_PRODUCTO" MODIFY ("ID_MARCA" NOT NULL ENABLE);
  ALTER TABLE "THREESOFT"."SGA_PRODUCTO" MODIFY ("ID_PRODUCTO" NOT NULL ENABLE);
--------------------------------------------------------
--  Constraints for Table SGA_USUARIO
--------------------------------------------------------

  ALTER TABLE "THREESOFT"."SGA_USUARIO" ADD CONSTRAINT "USUARIO_PK" PRIMARY KEY ("ID_USUARIO")
  USING INDEX PCTFREE 10 INITRANS 2 MAXTRANS 255 COMPUTE STATISTICS 
  STORAGE(INITIAL 65536 NEXT 1048576 MINEXTENTS 1 MAXEXTENTS 2147483645
  PCTINCREASE 0 FREELISTS 1 FREELIST GROUPS 1 BUFFER_POOL DEFAULT FLASH_CACHE DEFAULT CELL_FLASH_CACHE DEFAULT)
  TABLESPACE "SYSTEM"  ENABLE;
  ALTER TABLE "THREESOFT"."SGA_USUARIO" MODIFY ("ID_ALMACEN" NOT NULL ENABLE);
  ALTER TABLE "THREESOFT"."SGA_USUARIO" MODIFY ("ID_PERFIL" NOT NULL ENABLE);
  ALTER TABLE "THREESOFT"."SGA_USUARIO" MODIFY ("ID_USUARIO" NOT NULL ENABLE);
--------------------------------------------------------
--  Constraints for Table SGA_DETALLE_ORDEN_COMPRA
--------------------------------------------------------

  ALTER TABLE "THREESOFT"."SGA_DETALLE_ORDEN_COMPRA" ADD CONSTRAINT "DETALLE_ORDEN_COMPRA" PRIMARY KEY ("ID_DETALLE_ORDEN_COMPRA")
  USING INDEX PCTFREE 10 INITRANS 2 MAXTRANS 255 COMPUTE STATISTICS 
  STORAGE(INITIAL 65536 NEXT 1048576 MINEXTENTS 1 MAXEXTENTS 2147483645
  PCTINCREASE 0 FREELISTS 1 FREELIST GROUPS 1 BUFFER_POOL DEFAULT FLASH_CACHE DEFAULT CELL_FLASH_CACHE DEFAULT)
  TABLESPACE "SYSTEM"  ENABLE;
  ALTER TABLE "THREESOFT"."SGA_DETALLE_ORDEN_COMPRA" MODIFY ("CANTIDAD" NOT NULL ENABLE);
  ALTER TABLE "THREESOFT"."SGA_DETALLE_ORDEN_COMPRA" MODIFY ("ID_PRODUCTO" NOT NULL ENABLE);
  ALTER TABLE "THREESOFT"."SGA_DETALLE_ORDEN_COMPRA" MODIFY ("ID_ORDEN_COMPRA" NOT NULL ENABLE);
  ALTER TABLE "THREESOFT"."SGA_DETALLE_ORDEN_COMPRA" MODIFY ("ID_DETALLE_ORDEN_COMPRA" NOT NULL ENABLE);
--------------------------------------------------------
--  Constraints for Table SGA_BOLETA
--------------------------------------------------------

  ALTER TABLE "THREESOFT"."SGA_BOLETA" ADD CONSTRAINT "ID_BOLETA_PK" PRIMARY KEY ("ID_BOLETA")
  USING INDEX PCTFREE 10 INITRANS 2 MAXTRANS 255 COMPUTE STATISTICS 
  STORAGE(INITIAL 65536 NEXT 1048576 MINEXTENTS 1 MAXEXTENTS 2147483645
  PCTINCREASE 0 FREELISTS 1 FREELIST GROUPS 1 BUFFER_POOL DEFAULT FLASH_CACHE DEFAULT CELL_FLASH_CACHE DEFAULT)
  TABLESPACE "SYSTEM"  ENABLE;
  ALTER TABLE "THREESOFT"."SGA_BOLETA" MODIFY ("ID_ALMACEN" NOT NULL ENABLE);
  ALTER TABLE "THREESOFT"."SGA_BOLETA" MODIFY ("ID_USUARIO" NOT NULL ENABLE);
  ALTER TABLE "THREESOFT"."SGA_BOLETA" MODIFY ("ID_BOLETA" NOT NULL ENABLE);
--------------------------------------------------------
--  Constraints for Table PROFILES
--------------------------------------------------------

  ALTER TABLE "THREESOFT"."PROFILES" ADD PRIMARY KEY ("PROFILE_ID")
  USING INDEX PCTFREE 10 INITRANS 2 MAXTRANS 255 COMPUTE STATISTICS 
  STORAGE(INITIAL 65536 NEXT 1048576 MINEXTENTS 1 MAXEXTENTS 2147483645
  PCTINCREASE 0 FREELISTS 1 FREELIST GROUPS 1 BUFFER_POOL DEFAULT FLASH_CACHE DEFAULT CELL_FLASH_CACHE DEFAULT)
  TABLESPACE "SYSTEM"  ENABLE;
  ALTER TABLE "THREESOFT"."PROFILES" MODIFY ("PROFILE_ID" NOT NULL ENABLE);
--------------------------------------------------------
--  Constraints for Table SGA_ALMACEN
--------------------------------------------------------

  ALTER TABLE "THREESOFT"."SGA_ALMACEN" ADD CONSTRAINT "ALMACEN_PK" PRIMARY KEY ("ID_ALMACEN")
  USING INDEX PCTFREE 10 INITRANS 2 MAXTRANS 255 COMPUTE STATISTICS 
  STORAGE(INITIAL 65536 NEXT 1048576 MINEXTENTS 1 MAXEXTENTS 2147483645
  PCTINCREASE 0 FREELISTS 1 FREELIST GROUPS 1 BUFFER_POOL DEFAULT FLASH_CACHE DEFAULT CELL_FLASH_CACHE DEFAULT)
  TABLESPACE "SYSTEM"  ENABLE;
  ALTER TABLE "THREESOFT"."SGA_ALMACEN" MODIFY ("ID_COMUNA" NOT NULL ENABLE);
  ALTER TABLE "THREESOFT"."SGA_ALMACEN" MODIFY ("ID_CATEGORIA" NOT NULL ENABLE);
  ALTER TABLE "THREESOFT"."SGA_ALMACEN" MODIFY ("ID_ALMACEN" NOT NULL ENABLE);
--------------------------------------------------------
--  Constraints for Table SGA_MARCA
--------------------------------------------------------

  ALTER TABLE "THREESOFT"."SGA_MARCA" ADD CONSTRAINT "MARCA_PK" PRIMARY KEY ("ID_MARCA")
  USING INDEX PCTFREE 10 INITRANS 2 MAXTRANS 255 COMPUTE STATISTICS 
  STORAGE(INITIAL 65536 NEXT 1048576 MINEXTENTS 1 MAXEXTENTS 2147483645
  PCTINCREASE 0 FREELISTS 1 FREELIST GROUPS 1 BUFFER_POOL DEFAULT FLASH_CACHE DEFAULT CELL_FLASH_CACHE DEFAULT)
  TABLESPACE "SYSTEM"  ENABLE;
  ALTER TABLE "THREESOFT"."SGA_MARCA" MODIFY ("ID_MARCA" NOT NULL ENABLE);
--------------------------------------------------------
--  Constraints for Table SGA_MENU
--------------------------------------------------------

  ALTER TABLE "THREESOFT"."SGA_MENU" ADD CONSTRAINT "SGA_MENU1_PK" PRIMARY KEY ("ID_MENU")
  USING INDEX PCTFREE 10 INITRANS 2 MAXTRANS 255 COMPUTE STATISTICS 
  STORAGE(INITIAL 65536 NEXT 1048576 MINEXTENTS 1 MAXEXTENTS 2147483645
  PCTINCREASE 0 FREELISTS 1 FREELIST GROUPS 1 BUFFER_POOL DEFAULT FLASH_CACHE DEFAULT CELL_FLASH_CACHE DEFAULT)
  TABLESPACE "SYSTEM"  ENABLE;
  ALTER TABLE "THREESOFT"."SGA_MENU" MODIFY ("ID_PERFIL" NOT NULL ENABLE);
  ALTER TABLE "THREESOFT"."SGA_MENU" MODIFY ("ID_MENU" NOT NULL ENABLE);
--------------------------------------------------------
--  Constraints for Table SGA_PERFIL
--------------------------------------------------------

  ALTER TABLE "THREESOFT"."SGA_PERFIL" ADD CONSTRAINT "PERFIL_PK" PRIMARY KEY ("ID_PERFIL")
  USING INDEX PCTFREE 10 INITRANS 2 MAXTRANS 255 COMPUTE STATISTICS 
  STORAGE(INITIAL 65536 NEXT 1048576 MINEXTENTS 1 MAXEXTENTS 2147483645
  PCTINCREASE 0 FREELISTS 1 FREELIST GROUPS 1 BUFFER_POOL DEFAULT FLASH_CACHE DEFAULT CELL_FLASH_CACHE DEFAULT)
  TABLESPACE "SYSTEM"  ENABLE;
  ALTER TABLE "THREESOFT"."SGA_PERFIL" MODIFY ("ID_PERFIL" NOT NULL ENABLE);
--------------------------------------------------------
--  Constraints for Table SGA_ORDEN_COMPRA
--------------------------------------------------------

  ALTER TABLE "THREESOFT"."SGA_ORDEN_COMPRA" ADD CONSTRAINT "ORDEN_COMPRA_PK" PRIMARY KEY ("ID_ORDEN_COMPRA")
  USING INDEX PCTFREE 10 INITRANS 2 MAXTRANS 255 COMPUTE STATISTICS 
  STORAGE(INITIAL 65536 NEXT 1048576 MINEXTENTS 1 MAXEXTENTS 2147483645
  PCTINCREASE 0 FREELISTS 1 FREELIST GROUPS 1 BUFFER_POOL DEFAULT FLASH_CACHE DEFAULT CELL_FLASH_CACHE DEFAULT)
  TABLESPACE "SYSTEM"  ENABLE;
  ALTER TABLE "THREESOFT"."SGA_ORDEN_COMPRA" MODIFY ("ID_ALMACEN" NOT NULL ENABLE);
  ALTER TABLE "THREESOFT"."SGA_ORDEN_COMPRA" MODIFY ("ID_USUARIO" NOT NULL ENABLE);
  ALTER TABLE "THREESOFT"."SGA_ORDEN_COMPRA" MODIFY ("ID_ORDEN_COMPRA" NOT NULL ENABLE);
--------------------------------------------------------
--  Ref Constraints for Table MENU
--------------------------------------------------------

  ALTER TABLE "THREESOFT"."MENU" ADD CONSTRAINT "MEMNU_FK1" FOREIGN KEY ("PROFILE_ID")
	  REFERENCES "THREESOFT"."PROFILES" ("PROFILE_ID") ENABLE;
--------------------------------------------------------
--  Ref Constraints for Table SGA_ALMACEN
--------------------------------------------------------

  ALTER TABLE "THREESOFT"."SGA_ALMACEN" ADD CONSTRAINT "SGA_CATEGORIA_SGA_ALMACEN_FK" FOREIGN KEY ("ID_CATEGORIA")
	  REFERENCES "THREESOFT"."SGA_CATEGORIA" ("ID_CATEGORIA") ENABLE;
  ALTER TABLE "THREESOFT"."SGA_ALMACEN" ADD CONSTRAINT "SGA_COMUNA_FK_SGA_ALMACEN_FK" FOREIGN KEY ("ID_COMUNA")
	  REFERENCES "THREESOFT"."SGA_COMUNA" ("ID_COMUNA") ENABLE;
--------------------------------------------------------
--  Ref Constraints for Table SGA_BOLETA
--------------------------------------------------------

  ALTER TABLE "THREESOFT"."SGA_BOLETA" ADD CONSTRAINT "SGA_ALMACEN_SGA_BOLETA_FK" FOREIGN KEY ("ID_ALMACEN")
	  REFERENCES "THREESOFT"."SGA_ALMACEN" ("ID_ALMACEN") ENABLE;
  ALTER TABLE "THREESOFT"."SGA_BOLETA" ADD CONSTRAINT "SGA_CLIENTE_SGA_BOLETA_FK" FOREIGN KEY ("ID_CLIENTE")
	  REFERENCES "THREESOFT"."SGA_CLIENTE" ("ID_CLIENTE") ENABLE;
  ALTER TABLE "THREESOFT"."SGA_BOLETA" ADD CONSTRAINT "SGA_USUARIO_SGA_BOLETA_FK" FOREIGN KEY ("ID_USUARIO")
	  REFERENCES "THREESOFT"."SGA_USUARIO" ("ID_USUARIO") ENABLE;
--------------------------------------------------------
--  Ref Constraints for Table SGA_CLIENTE
--------------------------------------------------------

  ALTER TABLE "THREESOFT"."SGA_CLIENTE" ADD CONSTRAINT "SGA_ALMACEN_SGA_CLIENTE_FK" FOREIGN KEY ("ID_ALMACEN")
	  REFERENCES "THREESOFT"."SGA_ALMACEN" ("ID_ALMACEN") ENABLE;
  ALTER TABLE "THREESOFT"."SGA_CLIENTE" ADD CONSTRAINT "SGA_CLIENTE_FK1" FOREIGN KEY ("ID_COMUNA")
	  REFERENCES "THREESOFT"."SGA_COMUNA" ("ID_COMUNA") ENABLE;
--------------------------------------------------------
--  Ref Constraints for Table SGA_DETALLE_BOLETA
--------------------------------------------------------

  ALTER TABLE "THREESOFT"."SGA_DETALLE_BOLETA" ADD CONSTRAINT "SGA_BOLETA_SGA_DET_BOL_FK" FOREIGN KEY ("ID_BOLETA")
	  REFERENCES "THREESOFT"."SGA_BOLETA" ("ID_BOLETA") ENABLE;
  ALTER TABLE "THREESOFT"."SGA_DETALLE_BOLETA" ADD CONSTRAINT "SGA_DET_PROD_SGA_DET_BOL_FK" FOREIGN KEY ("COD_BARRA")
	  REFERENCES "THREESOFT"."SGA_DETALLE_PRODUCTO" ("COD_BARRA") ENABLE;
--------------------------------------------------------
--  Ref Constraints for Table SGA_DETALLE_ORDEN_COMPRA
--------------------------------------------------------

  ALTER TABLE "THREESOFT"."SGA_DETALLE_ORDEN_COMPRA" ADD CONSTRAINT "SGA_O_COMP_SGA_DET_O_COMP_FK" FOREIGN KEY ("ID_ORDEN_COMPRA")
	  REFERENCES "THREESOFT"."SGA_ORDEN_COMPRA" ("ID_ORDEN_COMPRA") ENABLE;
  ALTER TABLE "THREESOFT"."SGA_DETALLE_ORDEN_COMPRA" ADD CONSTRAINT "SGA_PROD_SGA_DET_O_COMP_FK" FOREIGN KEY ("ID_PRODUCTO")
	  REFERENCES "THREESOFT"."SGA_PRODUCTO" ("ID_PRODUCTO") ENABLE;
--------------------------------------------------------
--  Ref Constraints for Table SGA_DETALLE_PRODUCTO
--------------------------------------------------------

  ALTER TABLE "THREESOFT"."SGA_DETALLE_PRODUCTO" ADD CONSTRAINT "SGA_PROD_SGA_DET_PROD_FK" FOREIGN KEY ("ID_PRODUCTO")
	  REFERENCES "THREESOFT"."SGA_PRODUCTO" ("ID_PRODUCTO") ENABLE;
--------------------------------------------------------
--  Ref Constraints for Table SGA_MARCA
--------------------------------------------------------

  ALTER TABLE "THREESOFT"."SGA_MARCA" ADD CONSTRAINT "SGA_CATEGORIA_SGA_MARCA_FK" FOREIGN KEY ("ID_CATEGORIA")
	  REFERENCES "THREESOFT"."SGA_CATEGORIA" ("ID_CATEGORIA") ENABLE;
  ALTER TABLE "THREESOFT"."SGA_MARCA" ADD CONSTRAINT "SGA_PROVEEDOR_SGA_MARCA_FK" FOREIGN KEY ("ID_PROVEEDOR")
	  REFERENCES "THREESOFT"."SGA_PROVEEDOR" ("ID_PROVEEDOR") ENABLE;
--------------------------------------------------------
--  Ref Constraints for Table SGA_MENU
--------------------------------------------------------

  ALTER TABLE "THREESOFT"."SGA_MENU" ADD CONSTRAINT "SGA_MENU1_FK1" FOREIGN KEY ("ID_PERFIL")
	  REFERENCES "THREESOFT"."SGA_PERFIL" ("ID_PERFIL") ENABLE;
--------------------------------------------------------
--  Ref Constraints for Table SGA_ORDEN_COMPRA
--------------------------------------------------------

  ALTER TABLE "THREESOFT"."SGA_ORDEN_COMPRA" ADD CONSTRAINT "SGA_ALM_SGA_ORD_COMP_FK" FOREIGN KEY ("ID_ALMACEN")
	  REFERENCES "THREESOFT"."SGA_ALMACEN" ("ID_ALMACEN") ENABLE;
  ALTER TABLE "THREESOFT"."SGA_ORDEN_COMPRA" ADD CONSTRAINT "SGA_PROVE_SGA_ORD_COMP_FK" FOREIGN KEY ("ID_PROVEEDOR")
	  REFERENCES "THREESOFT"."SGA_PROVEEDOR" ("ID_PROVEEDOR") ENABLE;
  ALTER TABLE "THREESOFT"."SGA_ORDEN_COMPRA" ADD CONSTRAINT "SGA_USU_SGA_ORD_COMP_FK" FOREIGN KEY ("ID_USUARIO")
	  REFERENCES "THREESOFT"."SGA_USUARIO" ("ID_USUARIO") ENABLE;
--------------------------------------------------------
--  Ref Constraints for Table SGA_PRODUCTO
--------------------------------------------------------

  ALTER TABLE "THREESOFT"."SGA_PRODUCTO" ADD CONSTRAINT "SGA_MARCA_SGA_PRODUCTO_FK" FOREIGN KEY ("ID_MARCA")
	  REFERENCES "THREESOFT"."SGA_MARCA" ("ID_MARCA") ENABLE;
--------------------------------------------------------
--  Ref Constraints for Table SGA_PROVEEDOR
--------------------------------------------------------

  ALTER TABLE "THREESOFT"."SGA_PROVEEDOR" ADD CONSTRAINT "SGA_ALMACEN_SGA_PROVEEDOR_FK" FOREIGN KEY ("ID_ALMACEN")
	  REFERENCES "THREESOFT"."SGA_ALMACEN" ("ID_ALMACEN") ENABLE;
  ALTER TABLE "THREESOFT"."SGA_PROVEEDOR" ADD CONSTRAINT "SGA_COMUNA_SGA_PROVEEDOR_FK" FOREIGN KEY ("ID_COMUNA")
	  REFERENCES "THREESOFT"."SGA_COMUNA" ("ID_COMUNA") ENABLE;
--------------------------------------------------------
--  Ref Constraints for Table SGA_USUARIO
--------------------------------------------------------

  ALTER TABLE "THREESOFT"."SGA_USUARIO" ADD CONSTRAINT "SGA_ALMACEN_SGA_USUARIO_FK" FOREIGN KEY ("ID_ALMACEN")
	  REFERENCES "THREESOFT"."SGA_ALMACEN" ("ID_ALMACEN") ENABLE;
  ALTER TABLE "THREESOFT"."SGA_USUARIO" ADD CONSTRAINT "SGA_PERFIL_SGA_USUARIO_FK" FOREIGN KEY ("ID_PERFIL")
	  REFERENCES "THREESOFT"."SGA_PERFIL" ("ID_PERFIL") ENABLE;
--------------------------------------------------------
--  Ref Constraints for Table USERS
--------------------------------------------------------

  ALTER TABLE "THREESOFT"."USERS" ADD CONSTRAINT "PROFILE_FK" FOREIGN KEY ("PROFILE_ID")
	  REFERENCES "THREESOFT"."PROFILES" ("PROFILE_ID") ENABLE;
  ALTER TABLE "THREESOFT"."USERS" ADD CONSTRAINT "USERS_FK1" FOREIGN KEY ("WAREHOUSE_ID")
	  REFERENCES "THREESOFT"."WAREHOUSE" ("WAREHOUSE_ID") ENABLE;
